symbol,date,open,high,low,close,volume
MSFT,2025-03-17,354.3,358.83,350.6,354.47,27900714
MSFT,2025-03-18,354.6,359.1,351.26,355.17,33096433
MSFT,2025-03-19,356.18,361.45,351.26,355.73,22369783
MSFT,2025-03-20,354.73,364.82,348.24,357.14,24731001
MSFT,2025-03-21,357.73,363.0,351.38,355.83,28366101
MSFT,2025-03-24,355.68,362.53,347.67,353.46,24815646
MSFT,2025-03-25,354.52,362.34,348.84,355.64,25245464
MSFT,2025-03-26,354.54,358.47,350.67,354.0,22452809
MSFT,2025-03-27,352.75,360.15,346.83,353.18,25804257
MSFT,2025-03-28,355.17,364.6,344.69,352.65,26246696
MSFT,2025-03-31,350.68,356.57,346.58,351.72,25881470
MSFT,2025-04-01,349.84,357.03,345.56,351.97,27696129
MSFT,2025-04-02,351.38,355.57,346.56,350.11,22818629
MSFT,2025-04-03,352.36,357.58,343.86,348.25,22552809
MSFT,2025-04-04,347.78,354.8,340.11,346.05,23314854
MSFT,2025-04-07,346.65,353.27,339.22,344.81,30258847
MSFT,2025-04-08,346.55,351.04,342.15,345.96,32176845
MSFT,2025-04-09,344.97,351.73,340.95,346.98,32549866
MSFT,2025-04-10,348.0,353.44,340.21,344.79,21077551
MSFT,2025-04-11,345.48,349.83,340.72,344.4,22403134
MSFT,2025-04-14,343.59,351.1,338.69,345.31,16632365
MSFT,2025-04-15,345.76,351.44,337.79,342.57,24094367
MSFT,2025-04-16,343.85,350.87,338.43,344.48,24002502
MSFT,2025-04-17,343.65,352.55,338.12,346.0,19595243
MSFT,2025-04-18,345.59,351.33,341.89,346.97,27286894
MSFT,2025-04-21,347.23,352.71,341.15,345.79,32440469
MSFT,2025-04-22,346.07,352.0,341.93,347.1,21052090
MSFT,2025-04-23,348.01,354.32,341.93,347.28,33915121
MSFT,2025-04-24,346.35,353.81,341.72,348.33,26573363
MSFT,2025-04-25,348.22,353.67,341.12,345.72,18538558
MSFT,2025-04-28,346.75,354.7,341.22,348.17,32208114
MSFT,2025-04-29,350.99,355.93,340.84,344.97,26529449
MSFT,2025-04-30,344.98,353.58,335.74,343.01,18335949
MSFT,2025-05-01,343.61,348.36,341.11,345.41,14219179
MSFT,2025-05-02,342.9,347.33,340.28,344.25,31576376
MSFT,2025-05-05,343.17,350.98,338.94,345.96,20865157
MSFT,2025-05-06,346.72,350.3,341.61,344.63,32535152
MSFT,2025-05-07,343.4,347.49,337.32,340.78,26775710
MSFT,2025-05-08,340.81,350.22,334.31,342.53,26655563
MSFT,2025-05-09,341.04,345.44,334.92,338.63,23299439
MSFT,2025-05-12,339.52,345.44,333.67,338.69,25304589
MSFT,2025-05-13,339.76,344.19,333.47,337.21,25107039
MSFT,2025-05-14,337.43,345.17,330.13,336.7,25157515
MSFT,2025-05-15,336.27,340.31,333.25,336.74,28628184
MSFT,2025-05-16,336.03,341.83,330.81,335.73,16671521
MSFT,2025-05-19,336.99,340.09,332.17,334.79,21683624
MSFT,2025-05-20,336.06,339.15,332.3,334.92,24713577
MSFT,2025-05-21,335.01,338.63,331.59,334.66,30957663
MSFT,2025-05-22,336.47,338.53,331.64,333.38,18323268
MSFT,2025-05-23,334.35,337.47,331.15,333.8,22921014
MSFT,2025-05-26,333.96,341.32,328.59,334.98,23516434
MSFT,2025-05-27,335.1,341.45,331.72,337.45,30023028
MSFT,2025-05-28,336.85,343.54,331.91,337.72,21983508
MSFT,2025-05-29,337.85,348.02,333.6,342.95,23366973
MSFT,2025-05-30,341.7,348.34,334.54,340.16,30020627
MSFT,2025-06-02,340.45,348.11,334.92,341.58,27379616
MSFT,2025-06-03,342.73,352.1,337.76,346.2,24557827
MSFT,2025-06-04,347.28,354.67,342.57,349.11,19397130
MSFT,2025-06-05,349.14,351.99,347.2,349.71,23365211
MSFT,2025-06-06,350.23,359.65,343.82,352.07,23897031
MSFT,2025-06-09,353.24,360.25,348.56,354.72,18878124
MSFT,2025-06-10,352.92,357.98,349.63,354.1,17362133
MSFT,2025-06-11,354.91,360.09,349.2,353.59,25263460
MSFT,2025-06-12,353.68,363.54,347.48,356.2,27156437
MSFT,2025-06-13,355.37,364.66,351.06,359.52,20526024
MSFT,2025-06-16,357.42,364.16,351.09,356.8,27446542
MSFT,2025-06-17,356.8,364.49,352.78,359.73,26942552
MSFT,2025-06-18,356.7,366.52,351.71,360.59,23017672
MSFT,2025-06-19,359.85,368.13,353.04,360.1,26272465
MSFT,2025-06-20,359.76,367.42,355.12,361.93,20740349
MSFT,2025-06-23,361.26,365.24,358.4,361.87,27762231
MSFT,2025-06-24,363.21,371.7,357.21,364.62,17816542
MSFT,2025-06-25,367.35,376.57,354.41,362.13,22893019
MSFT,2025-06-26,360.95,365.08,356.89,360.39,23773729
MSFT,2025-06-27,359.21,366.23,354.5,360.66,26407998
MSFT,2025-06-30,358.7,369.64,351.01,360.54,28284153
MSFT,2025-07-01,358.94,366.89,356.25,363.68,20927129
MSFT,2025-07-02,362.33,367.53,357.54,361.95,11805462
MSFT,2025-07-03,361.65,372.27,354.2,363.46,17623863
MSFT,2025-07-04,363.1,368.73,360.49,365.64,24607896
MSFT,2025-07-07,365.34,374.45,356.76,364.48,22918368
MSFT,2025-07-08,363.99,373.09,358.35,366.4,20111287
MSFT,2025-07-09,364.64,371.64,359.35,365.41,21469879
MSFT,2025-07-10,365.63,374.5,360.22,368.1,20175080
MSFT,2025-07-11,368.65,379.36,361.15,370.49,17830713
MSFT,2025-07-14,372.81,379.06,368.23,373.66,19253393
MSFT,2025-07-15,376.93,383.09,371.29,376.52,27933895
MSFT,2025-07-16,377.63,380.47,373.78,376.19,22974227
MSFT,2025-07-17,375.48,381.57,372.55,378.11,15372699
MSFT,2025-07-18,378.25,386.29,372.32,379.3,24256429
MSFT,2025-07-21,378.88,386.4,375.09,381.91,18718049
MSFT,2025-07-22,381.15,386.6,377.7,382.53,22029079
MSFT,2025-07-23,382.5,386.82,378.54,382.21,22016178
MSFT,2025-07-24,381.16,387.1,375.5,380.54,25198937
MSFT,2025-07-25,380.79,390.58,375.01,383.72,16309298
MSFT,2025-07-28,383.2,389.69,377.19,382.7,26029502
MSFT,2025-07-29,380.5,389.86,375.2,383.58,28560610
MSFT,2025-07-30,383.33,389.14,375.92,380.82,25510713
MSFT,2025-07-31,381.16,390.21,375.06,383.0,24042194
MSFT,2025-08-01,383.21,387.75,374.3,378.11,23138634
MSFT,2025-08-04,379.81,385.38,375.09,379.83,23282722
MSFT,2025-08-05,379.16,386.5,369.79,375.98,20437457
MSFT,2025-08-06,377.21,381.4,369.88,373.4,19670375
MSFT,2025-08-07,373.68,379.74,365.72,370.84,25749350
MSFT,2025-08-08,372.26,377.33,366.48,370.78,26544747
MSFT,2025-08-11,369.56,379.74,362.76,371.7,27543341
MSFT,2025-08-12,372.42,378.56,364.16,369.34,21354242
MSFT,2025-08-13,368.91,375.55,362.26,367.89,24926587
MSFT,2025-08-14,368.05,371.39,359.31,362.1,25972823
MSFT,2025-08-15,361.2,369.78,358.01,365.98,24586436
MSFT,2025-08-18,363.53,372.01,357.67,365.09,29324898
MSFT,2025-08-19,365.02,368.98,359.64,362.98,21208334
MSFT,2025-08-20,362.79,364.22,361.45,362.67,26519847
MSFT,2025-08-21,363.54,368.76,359.18,363.63,23512592
MSFT,2025-08-22,363.87,372.8,358.53,366.47,31035537
MSFT,2025-08-25,366.49,371.0,358.78,362.57,23881110
MSFT,2025-08-26,362.81,372.4,355.69,364.0,24644949
MSFT,2025-08-27,362.62,371.5,359.1,367.3,16348617
MSFT,2025-08-28,367.74,371.07,362.31,365.13,20502186
MSFT,2025-08-29,362.53,369.59,359.38,365.85,29150143
MSFT,2025-09-01,364.12,369.75,361.89,367.11,27379984
MSFT,2025-09-02,366.66,373.14,360.02,365.51,30152587
MSFT,2025-09-03,365.5,371.58,362.59,368.13,26081500
MSFT,2025-09-04,368.79,373.51,362.15,366.14,19820008
MSFT,2025-09-05,367.59,374.47,363.34,369.44,24819449
MSFT,2025-09-08,369.46,377.05,361.54,367.97,28113411
MSFT,2025-09-09,367.53,378.22,361.63,371.21,37266057
MSFT,2025-09-10,373.07,380.09,361.8,367.69,21473031
MSFT,2025-09-11,372.65,376.32,365.69,368.78,25128670
MSFT,2025-09-12,367.85,376.46,356.73,363.98,28982890
MSFT,2025-09-15,362.11,371.18,356.91,365.01,29602974
MSFT,2025-09-16,364.59,368.43,361.58,364.87,23429994
MSFT,2025-09-17,364.3,371.97,359.43,366.22,24414317
MSFT,2025-09-18,367.19,371.24,356.84,360.22,18526860
MSFT,2025-09-19,359.26,371.63,352.52,363.6,24112570
MSFT,2025-09-22,366.66,373.25,356.91,362.45,21222054
MSFT,2025-09-23,361.36,369.61,356.21,363.51,21122820
MSFT,2025-09-24,366.62,370.6,358.79,362.13,30030935
MSFT,2025-09-25,364.03,369.52,356.61,361.23,21906773
MSFT,2025-09-26,360.88,367.14,355.43,360.75,30819866
MSFT,2025-09-29,360.82,364.03,357.6,360.32,26749816
MSFT,2025-09-30,359.44,365.35,357.88,363.48,23141976
MSFT,2025-10-01,361.61,370.86,355.95,364.15,35605603
MSFT,2025-10-02,366.59,373.83,362.59,369.08,24068658
MSFT,2025-10-03,370.0,377.66,360.36,366.82,24204434
MSFT,2025-10-06,366.63,379.95,358.46,370.25,25565413
MSFT,2025-10-07,369.61,375.59,364.4,369.48,28664775
MSFT,2025-10-08,368.12,378.99,363.61,373.6,20413428
MSFT,2025-10-09,373.23,386.29,365.42,377.02,29148217
MSFT,2025-10-10,376.89,384.54,373.33,380.32,24153545
MSFT,2025-10-13,381.75,388.65,377.57,383.7,32103067
MSFT,2025-10-14,381.8,389.05,377.19,383.6,33266293
MSFT,2025-10-15,380.82,392.2,373.93,384.02,16792516
MSFT,2025-10-16,383.9,394.31,379.08,388.57,28762238
MSFT,2025-10-17,384.16,392.96,382.07,390.46,22367358
MSFT,2025-10-20,390.52,396.42,386.76,391.99,23777530
MSFT,2025-10-21,390.31,396.69,385.78,391.34,20866036
MSFT,2025-10-22,391.68,402.7,385.56,395.43,30786812
MSFT,2025-10-23,394.49,400.06,389.77,394.51,24539352
MSFT,2025-10-24,394.09,402.17,388.95,396.09,17385703
MSFT,2025-10-27,396.62,401.85,392.84,397.39,19902800
MSFT,2025-10-28,395.12,404.85,388.01,396.45,23298814
MSFT,2025-10-29,398.09,404.82,390.23,395.92,16478628
MSFT,2025-10-30,394.38,406.59,387.93,398.92,20372387
MSFT,2025-10-31,397.35,403.21,390.62,395.57,22747446
MSFT,2025-11-03,394.13,400.02,389.43,394.48,21353738
MSFT,2025-11-04,390.8,402.09,384.82,394.98,19846298
MSFT,2025-11-05,396.83,401.14,393.43,397.14,16545736
MSFT,2025-11-06,398.83,402.02,392.17,394.86,20368506
MSFT,2025-11-07,395.71,401.25,390.92,395.63,16069932
MSFT,2025-11-10,395.9,402.84,390.96,397.01,28050852
MSFT,2025-11-11,397.85,409.86,384.48,394.6,15964598
MSFT,2025-11-12,394.57,398.7,389.67,393.17,27287569
MSFT,2025-11-13,394.34,404.93,387.89,397.3,19355867
MSFT,2025-11-14,396.23,400.42,394.26,398.09,29324860
MSFT,2025-11-17,398.82,404.54,392.87,397.72,26107443
MSFT,2025-11-18,398.79,409.46,391.92,401.32,15773292
MSFT,2025-11-19,400.29,408.71,394.66,402.06,23650320
MSFT,2025-11-20,403.45,407.79,396.89,400.55,22686074
MSFT,2025-11-21,403.73,411.92,397.24,404.27,25605053
MSFT,2025-11-24,404.24,412.04,397.52,404.14,29279548
MSFT,2025-11-25,404.3,412.98,395.55,402.9,18599293
MSFT,2025-11-26,403.76,415.1,396.91,406.98,19073813
MSFT,2025-11-27,408.59,413.64,402.43,406.7,18855003
MSFT,2025-11-28,406.7,416.82,397.25,405.83,23278038
MSFT,2025-12-01,407.2,412.99,403.02,408.06,22366935
MSFT,2025-12-02,406.33,413.02,401.89,407.78,25396481
MSFT,2025-12-03,407.72,416.92,397.66,405.44,21295764
MSFT,2025-12-04,405.15,415.14,397.67,406.31,19550190
MSFT,2025-12-05,404.08,415.15,396.58,406.28,23829279
MSFT,2025-12-08,403.11,409.49,396.62,402.03,20610194
MSFT,2025-12-09,404.55,409.45,398.21,402.35,19953633
MSFT,2025-12-10,401.03,405.25,396.42,400.0,19530344
MSFT,2025-12-11,397.94,406.24,394.33,401.96,15937037
MSFT,2025-12-12,399.8,403.04,390.46,393.18,20389840
MSFT,2025-12-15,392.21,399.36,388.97,395.51,24531800
MSFT,2025-12-16,395.45,400.79,387.48,391.98,20786430
MSFT,2025-12-17,394.23,400.83,384.98,390.54,24729475
MSFT,2025-12-18,386.91,397.06,382.81,392.18,13942444
MSFT,2025-12-19,391.57,398.38,381.87,387.6,20205700
MSFT,2025-12-22,388.33,394.2,384.8,390.03,25508825
MSFT,2025-12-23,387.85,393.41,380.02,384.71,24990115
MSFT,2025-12-24,385.45,391.23,380.39,385.3,31516001
MSFT,2025-12-25,384.73,389.89,379.15,383.53,11821938
MSFT,2025-12-26,385.97,391.31,378.58,383.08,18621895
MSFT,2025-12-29,384.91,393.19,377.41,384.45,24221586
MSFT,2025-12-30,382.46,391.05,376.73,384.28,21224010
MSFT,2025-12-31,382.66,393.63,375.96,385.69,14810329
MSFT,2026-01-01,386.47,393.36,376.95,382.75,33106520
MSFT,2026-01-02,383.2,392.59,381.33,390.36,20662459
MSFT,2026-01-05,390.45,397.21,382.17,387.88,28786689
MSFT,2026-01-06,385.14,397.58,380.55,392.09,28907672
MSFT,2026-01-07,394.27,403.94,380.57,388.68,23016102
MSFT,2026-01-08,390.21,401.19,382.31,391.86,30266931
MSFT,2026-01-09,392.88,405.34,386.34,397.55,21479078
MSFT,2026-01-12,395.48,403.52,384.98,391.75,23605727
MSFT,2026-01-13,391.71,396.73,387.14,391.41,23525492
MSFT,2026-01-14,391.74,397.72,388.17,393.51,25764119
MSFT,2026-01-15,393.86,401.59,388.76,395.56,22157270
MSFT,2026-01-16,396.68,406.44,387.84,396.12,22926501
MSFT,2026-01-19,397.88,405.79,390.44,397.15,13495014
MSFT,2026-01-20,396.06,401.03,390.27,394.48,29602316
MSFT,2026-01-21,394.74,401.8,386.07,392.03,29049278
MSFT,2026-01-22,390.76,398.41,386.77,393.68,20411254
MSFT,2026-01-23,393.44,402.08,388.41,396.13,27084377
MSFT,2026-01-26,395.09,402.98,387.85,394.54,30724211
MSFT,2026-01-27,396.74,404.28,383.99,390.3,27344239
MSFT,2026-01-28,391.24,400.63,385.08,393.34,23429364
MSFT,2026-01-29,395.17,405.17,387.16,395.73,36092158
MSFT,2026-01-30,395.78,403.97,390.01,397.15,28688256
MSFT,2026-02-02,397.15,404.53,388.78,395.02,26165670
MSFT,2026-02-03,394.74,404.81,386.67,395.3,27597016
MSFT,2026-02-04,395.4,403.24,387.07,393.71,27574116
MSFT,2026-02-05,394.12,401.68,389.0,395.63,20978853
MSFT,2026-02-06,395.58,402.69,392.17,398.65,27931724
MSFT,2026-02-09,396.96,409.25,390.21,401.23,30566604
MSFT,2026-02-10,401.63,409.51,396.47,403.41,28965522
MSFT,2026-02-11,400.55,408.05,397.04,403.87,26228475
MSFT,2026-02-12,404.37,411.3,399.14,405.14,22072675
MSFT,2026-02-13,405.33,413.79,400.71,408.31,21751610
MSFT,2026-02-16,408.8,416.24,403.73,410.25,32705775
MSFT,2026-02-17,411.24,423.95,404.55,415.99,28436545
MSFT,2026-02-18,414.73,419.33,409.48,413.38,19733957
MSFT,2026-02-19,417.67,423.68,413.97,419.31,25783506
MSFT,2026-02-20,418.76,429.02,413.69,422.99,23929984
MSFT,2026-02-23,420.15,431.62,416.29,427.0,20000862
MSFT,2026-02-24,426.81,432.06,421.8,426.27,23318217
MSFT,2026-02-25,426.6,435.01,421.95,429.51,30984321
MSFT,2026-02-26,428.91,436.06,422.19,428.26,20139363
MSFT,2026-02-27,429.27,435.13,423.62,428.59,28297499
MSFT,2026-03-02,429.1,435.7,423.71,429.36,27288903
MSFT,2026-03-03,428.77,443.26,420.73,433.69,30556914
MSFT,2026-03-04,434.44,438.76,429.14,432.79,20894533
MSFT,2026-03-05,431.76,437.98,426.4,431.69,28026148
MSFT,2026-03-06,430.29,445.7,422.52,436.43,25832168
MSFT,2026-03-09,433.27,439.04,424.92,429.78,13736482
MSFT,2026-03-10,428.62,435.85,423.9,430.27,22754978
MSFT,2026-03-11,429.77,435.66,423.96,428.95,22714185
MSFT,2026-03-12,431.27,440.52,419.45,427.23,20097963
MSFT,2026-03-13,429.16,434.41,426.31,431.04,21470607
MSFT,2026-03-16,433.41,435.51,427.15,428.92,27608536
MSFT,2026-03-17,426.98,433.35,417.8,423.17,24071318
MSFT,2026-03-18,425.75,430.74,420.32,424.55,24428042
MSFT,2026-03-19,425.51,431.92,420.3,425.79,20952684
MSFT,2026-03-20,425.7,433.22,419.9,426.37,28337778
MSFT,2026-03-23,424.93,430.64,417.87,422.7,25716302
MSFT,2026-03-24,422.44,428.66,416.11,421.38,24086369
MSFT,2026-03-25,420.33,427.44,416.12,422.47,25923660
MSFT,2026-03-26,420.8,435.38,413.22,426.35,24811848
MSFT,2026-03-27,424.39,434.23,418.27,426.99,24454434
MSFT,2026-03-30,428.16,437.61,420.46,428.54,22047210
MSFT,2026-03-31,427.45,432.88,422.69,427.3,19326542
MSFT,2026-04-01,426.15,434.45,420.01,427.21,23406707
MSFT,2026-04-02,426.45,431.59,422.03,426.4,24671496
MSFT,2026-04-03,425.63,435.73,421.79,431.16,22466524
MSFT,2026-04-06,430.75,436.08,426.92,431.57,26403201
MSFT,2026-04-07,432.88,439.72,427.01,432.82,23410513
MSFT,2026-04-08,433.64,440.34,426.66,432.34,26418732
MSFT,2026-04-09,434.92,441.87,424.34,430.19,24463807
MSFT,2026-04-10,431.54,438.37,426.42,432.33,17990193
MSFT,2026-04-13,433.74,437.24,425.79,428.73,29730642
MSFT,2026-04-14,430.08,437.17,420.64,426.62,22616595
MSFT,2026-04-15,429.31,434.06,421.48,425.48,17673751
MSFT,2026-04-16,424.56,430.65,418.6,423.76,18239376
MSFT,2026-04-17,424.0,430.89,413.4,419.2,18963494
MSFT,2026-04-20,421.61,425.37,418.25,421.45,17074980
MSFT,2026-04-21,422.02,428.18,414.47,419.68,23793292
MSFT,2026-04-22,418.74,423.2,412.9,416.67,19529468
MSFT,2026-04-23,415.65,423.18,407.81,414.19,20166196
MSFT,2026-04-24,415.33,422.98,407.84,414.33,26189144
MSFT,2026-04-27,415.67,423.72,408.25,415.08,25106100
MSFT,2026-04-28,414.31,420.25,405.81,410.82,14787467
MSFT,2026-04-29,411.25,416.33,404.49,408.79,23656264
MSFT,2026-04-30,409.56,413.3,404.7,407.86,18050560
MSFT,2026-05-01,407.34,413.64,402.8,408.29,22771199
MSFT,2026-05-04,406.59,413.02,400.64,406.11,15412101
MSFT,2026-05-05,402.96,416.04,396.43,408.27,16972179
MSFT,2026-05-06,407.45,412.72,404.4,409.13,16596783
MSFT,2026-05-07,408.54,418.67,403.8,413.04,26237749
MSFT,2026-05-08,413.71,419.64,407.58,412.61,25410830
MSFT,2026-05-11,414.27,421.55,407.95,414.13,20794263
MSFT,2026-05-12,415.65,425.66,404.2,412.65,25193276
MSFT,2026-05-13,415.28,425.11,408.21,416.75,26057930
MSFT,2026-05-14,415.12,419.62,411.5,415.36,22496474
MSFT,2026-05-15,412.86,425.07,408.39,419.71,26358853
MSFT,2026-05-18,418.71,429.35,412.25,421.69,17334699
MSFT,2026-05-19,420.94,429.94,413.6,421.3,23882082
MSFT,2026-05-20,421.74,438.0,413.22,427.82,28535802
MSFT,2026-05-21,426.47,436.08,418.53,426.72,20681793
MSFT,2026-05-22,426.7,433.38,417.92,423.56,27900190
MSFT,2026-05-25,421.84,436.67,415.47,429.04,25731728
MSFT,2026-05-26,430.29,436.57,422.87,428.18,27918452
MSFT,2026-05-27,427.09,438.66,419.42,429.59,25291879
MSFT,2026-05-28,427.42,438.48,421.05,430.92,24694993
MSFT,2026-05-29,430.36,436.31,425.95,431.11,23023471
MSFT,2026-06-01,428.87,439.04,418.31,426.91,19290281
MSFT,2026-06-02,425.9,437.66,418.26,428.62,26914033
MSFT,2026-06-03,429.73,442.08,421.37,432.19,23117676
MSFT,2026-06-04,430.56,441.74,423.37,433.22,28169283
MSFT,2026-06-05,432.71,438.59,429.21,434.45,30308934
MSFT,2026-06-08,435.35,439.27,431.18,434.51,28423222
MSFT,2026-06-09,432.26,438.0,423.08,427.91,19997136
MSFT,2026-06-10,426.92,438.64,422.71,433.61,22421924
MSFT,2026-06-11,434.74,442.13,423.31,429.52,28209019
MSFT,2026-06-12,431.21,443.02,426.15,436.99,25841303
MSFT,2026-06-15,437.83,448.25,426.99,435.8,29749226
MSFT,2026-06-16,437.97,446.94,427.22,434.79,30629033
MSFT,2026-06-17,432.0,451.16,424.72,442.38,26845303
MSFT,2026-06-18,442.47,448.25,436.99,441.89,23983932
MSFT,2026-06-19,442.56,451.24,432.07,439.4,19052204
MSFT,2026-06-22,439.75,451.59,434.92,445.84,21709197
MSFT,2026-06-23,446.47,452.73,441.07,446.39,23173978
MSFT,2026-06-24,445.15,458.14,438.74,450.5,26340404
MSFT,2026-06-25,448.73,457.16,444.32,451.93,25606819
MSFT,2026-06-26,452.59,462.73,448.53,457.9,28891681
MSFT,2026-06-29,456.54,469.64,443.77,454.86,22121769
MSFT,2026-06-30,453.57,467.96,447.19,460.35,22363193
MSFT,2026-07-01,461.72,476.45,452.21,465.17,24892558
MSFT,2026-07-02,465.46,471.56,456.52,461.67,26811239
MSFT,2026-07-03,464.05,474.25,456.2,465.0,22484186
NVDA,2025-03-17,83.42,85.6,81.18,83.02,175130787
NVDA,2025-03-18,83.8,88.03,79.47,83.02,292335946
NVDA,2025-03-19,82.99,85.07,81.11,82.87,164844584
NVDA,2025-03-20,83.91,85.41,81.17,82.42,188898168
NVDA,2025-03-21,82.06,87.76,78.43,83.42,164263815
NVDA,2025-03-24,84.14,88.13,79.9,83.26,195390810
NVDA,2025-03-25,83.56,86.26,82.3,84.75,198702506
NVDA,2025-03-26,84.61,85.27,84.1,84.68,217447455
NVDA,2025-03-27,84.91,86.29,82.57,83.73,151151259
NVDA,2025-03-28,83.24,89.17,81.23,86.72,191771041
NVDA,2025-03-31,86.07,88.68,84.37,86.66,214403184
NVDA,2025-04-01,86.34,90.72,83.94,87.84,194951228
NVDA,2025-04-02,88.16,91.0,84.94,87.33,235013184
NVDA,2025-04-03,87.4,91.78,84.2,87.99,249180201
NVDA,2025-04-04,86.99,92.96,83.78,89.09,268770806
NVDA,2025-04-07,88.41,91.79,85.9,88.81,190308012
NVDA,2025-04-08,89.12,92.61,86.02,88.99,178748100
NVDA,2025-04-09,89.9,93.84,88.0,91.57,197961603
NVDA,2025-04-10,92.3,97.29,84.9,88.99,184029675
NVDA,2025-04-11,89.53,92.76,86.65,89.39,144747187
NVDA,2025-04-14,88.72,92.69,87.12,90.76,183698005
NVDA,2025-04-15,90.46,93.55,86.2,88.77,247890989
NVDA,2025-04-16,89.06,94.53,84.02,88.64,192215759
NVDA,2025-04-17,89.19,92.59,85.52,88.38,254811964
NVDA,2025-04-18,88.12,93.89,84.93,90.06,258424268
NVDA,2025-04-21,89.55,93.2,87.04,90.22,217230115
NVDA,2025-04-22,89.92,92.67,88.03,90.43,263886600
NVDA,2025-04-23,90.27,94.95,84.95,88.87,179566923
NVDA,2025-04-24,88.72,94.81,85.55,90.99,189540981
NVDA,2025-04-25,90.35,93.78,88.33,91.37,205603473
NVDA,2025-04-28,90.9,94.05,87.9,90.58,115822827
NVDA,2025-04-29,90.18,93.9,87.74,91.0,176244850
NVDA,2025-04-30,90.29,94.14,88.4,91.88,195652874
NVDA,2025-05-01,92.94,94.73,90.5,92.01,182653268
NVDA,2025-05-02,92.71,96.16,89.71,92.64,187970572
NVDA,2025-05-05,92.32,95.45,88.97,91.62,186702457
NVDA,2025-05-06,90.05,95.26,88.04,92.81,122745377
NVDA,2025-05-07,93.75,97.72,89.03,92.35,161361251
NVDA,2025-05-08,92.93,99.92,88.25,94.33,165994237
NVDA,2025-05-09,95.29,98.87,91.61,94.63,177958467
NVDA,2025-05-12,93.81,97.07,91.58,94.43,171654393
NVDA,2025-05-13,92.72,98.8,89.62,95.06,173064348
NVDA,2025-05-14,95.4,98.21,91.35,93.69,281178321
NVDA,2025-05-15,92.48,98.27,90.59,95.95,204590606
NVDA,2025-05-16,97.72,100.01,93.01,94.9,239908903
NVDA,2025-05-19,94.23,99.96,90.44,95.45,181871484
NVDA,2025-05-20,97.11,102.19,91.98,96.26,157608028
NVDA,2025-05-21,98.47,100.64,92.75,94.53,167389124
NVDA,2025-05-22,95.86,98.55,93.73,96.04,156058208
NVDA,2025-05-23,96.14,99.84,91.77,94.87,187705868
NVDA,2025-05-26,94.32,97.89,91.45,94.5,194588939
NVDA,2025-05-27,95.61,99.17,91.64,94.63,134509342
NVDA,2025-05-28,94.65,97.24,90.58,92.74,213876565
NVDA,2025-05-29,91.53,97.66,88.44,93.94,139048729
NVDA,2025-05-30,94.87,98.84,89.81,93.12,178049894
NVDA,2025-06-02,93.49,96.42,91.08,93.58,191330649
NVDA,2025-06-03,93.55,97.42,88.95,92.19,171716329
NVDA,2025-06-04,90.41,94.38,88.22,91.76,215569981
NVDA,2025-06-05,92.8,96.04,89.39,92.12,164941533
NVDA,2025-06-06,91.88,95.58,88.41,91.55,185815210
NVDA,2025-06-09,90.85,94.55,87.34,90.47,205087542
NVDA,2025-06-10,89.79,94.09,87.36,91.18,181436900
NVDA,2025-06-11,91.7,95.08,89.41,92.36,151241315
NVDA,2025-06-12,92.03,95.51,88.32,91.25,179784127
NVDA,2025-06-13,91.24,93.02,89.16,90.67,133994964
NVDA,2025-06-16,91.12,94.06,89.49,92.11,173359884
NVDA,2025-06-17,91.85,94.38,88.02,90.13,167308537
NVDA,2025-06-18,91.31,94.67,87.27,90.09,157646155
NVDA,2025-06-19,89.05,95.67,86.09,92.06,200652472
NVDA,2025-06-20,92.5,96.75,88.83,92.44,180998627
NVDA,2025-06-23,91.5,95.77,88.9,92.68,182655327
NVDA,2025-06-24,93.2,95.88,89.7,91.95,165234971
NVDA,2025-06-25,92.21,97.11,88.52,92.75,197756136
NVDA,2025-06-26,93.22,96.75,88.89,91.85,136858163
NVDA,2025-06-27,91.06,96.4,88.51,93.33,199813884
NVDA,2025-06-30,93.62,97.33,88.76,91.85,123146944
NVDA,2025-07-01,90.8,97.36,87.29,93.13,168252488
NVDA,2025-07-02,92.17,97.48,88.81,93.47,177803100
NVDA,2025-07-03,95.62,100.09,88.06,91.71,181211014
NVDA,2025-07-04,91.6,96.03,88.78,92.67,168107375
NVDA,2025-07-07,91.63,97.75,88.25,93.68,180535667
NVDA,2025-07-08,91.66,96.75,89.54,94.19,147041996
NVDA,2025-07-09,94.91,98.08,88.89,91.48,220157555
NVDA,2025-07-10,90.34,95.0,88.61,92.9,208066801
NVDA,2025-07-11,92.43,94.53,89.69,91.46,158823190
NVDA,2025-07-14,90.92,94.88,87.87,91.28,211909895
NVDA,2025-07-15,90.15,96.59,87.79,93.7,177837615
NVDA,2025-07-16,93.76,97.74,89.57,92.92,182235390
NVDA,2025-07-17,92.5,94.56,90.01,91.74,120486109
NVDA,2025-07-18,91.47,95.87,88.83,92.72,210401180
NVDA,2025-07-21,92.45,98.68,87.89,93.27,179024144
NVDA,2025-07-22,92.92,96.67,89.94,93.15,150697431
NVDA,2025-07-23,93.3,96.42,92.32,95.25,206033115
NVDA,2025-07-24,95.3,98.73,91.38,94.27,189915598
NVDA,2025-07-25,93.33,95.61,89.76,91.66,238257874
NVDA,2025-07-28,92.02,97.13,89.86,94.52,201108864
NVDA,2025-07-29,94.82,99.95,90.36,94.72,225596002
NVDA,2025-07-30,95.03,98.6,92.67,95.81,249794644
NVDA,2025-07-31,95.74,99.05,93.72,96.66,148376514
NVDA,2025-08-01,96.01,99.65,93.56,96.75,217514196
NVDA,2025-08-04,97.43,101.89,93.25,97.03,197482161
NVDA,2025-08-05,97.66,105.6,92.9,99.88,224832625
NVDA,2025-08-06,101.13,102.96,98.29,99.83,168218637
NVDA,2025-08-07,99.24,99.87,98.74,99.28,197657897
NVDA,2025-08-08,100.36,103.91,97.95,101.06,202859763
NVDA,2025-08-11,100.38,104.46,97.94,101.55,206930732
NVDA,2025-08-12,100.6,107.24,96.67,102.52,129378994
NVDA,2025-08-13,102.78,105.73,98.29,100.74,251594538
NVDA,2025-08-14,101.34,103.98,100.3,102.74,112307114
NVDA,2025-08-15,101.94,104.85,99.21,101.68,193016312
NVDA,2025-08-18,101.7,107.71,98.17,103.49,151156197
NVDA,2025-08-19,102.03,106.07,98.87,102.34,187951375
NVDA,2025-08-20,102.26,105.03,98.15,100.46,195246301
NVDA,2025-08-21,101.63,104.38,100.17,102.64,157431409
NVDA,2025-08-22,103.16,108.33,96.64,100.94,194898574
NVDA,2025-08-25,99.95,103.72,98.84,102.39,212238959
NVDA,2025-08-26,101.39,108.3,96.53,102.51,288577714
NVDA,2025-08-27,102.7,106.68,98.81,102.18,198914821
NVDA,2025-08-28,103.09,106.57,98.27,101.17,205701835
NVDA,2025-08-29,102.24,106.36,98.07,101.55,281520559
NVDA,2025-09-01,100.25,104.72,97.86,101.86,170389741
NVDA,2025-09-02,102.53,105.47,100.03,102.52,225521876
NVDA,2025-09-03,101.59,107.53,98.76,104.11,287443024
NVDA,2025-09-04,105.44,106.95,102.5,103.76,216531646
NVDA,2025-09-05,104.43,107.42,100.38,102.88,162694298
NVDA,2025-09-08,103.41,108.45,100.35,104.8,222837361
NVDA,2025-09-09,104.67,110.74,97.54,102.6,169047199
NVDA,2025-09-10,102.21,108.98,98.81,104.87,228512929
NVDA,2025-09-11,103.74,109.33,99.57,104.39,148575894
NVDA,2025-09-12,104.39,108.34,101.68,105.12,175330073
NVDA,2025-09-15,106.05,107.04,104.98,105.83,173987665
NVDA,2025-09-16,105.08,109.59,101.04,104.87,255439430
NVDA,2025-09-17,105.5,111.7,101.17,106.55,119329033
NVDA,2025-09-18,106.69,108.76,104.24,105.99,184904021
NVDA,2025-09-19,106.2,112.27,103.06,108.49,246417304
NVDA,2025-09-22,106.82,109.5,103.71,105.97,144265374
NVDA,2025-09-23,104.61,112.28,100.68,107.52,202250826
NVDA,2025-09-24,108.82,113.84,102.68,106.87,197311194
NVDA,2025-09-25,106.06,110.74,101.06,104.99,169836016
NVDA,2025-09-26,104.01,109.59,102.08,107.25,197252379
NVDA,2025-09-29,108.31,112.03,101.6,104.66,234346336
NVDA,2025-09-30,104.73,107.81,100.64,103.22,284563415
NVDA,2025-10-01,104.68,109.59,101.49,105.8,161511115
NVDA,2025-10-02,104.47,109.6,101.1,105.59,180222594
NVDA,2025-10-03,105.98,109.91,100.9,104.19,202592337
NVDA,2025-10-06,105.12,109.01,100.18,103.44,162441519
NVDA,2025-10-07,102.82,108.9,99.34,104.73,149853652
NVDA,2025-10-08,105.32,109.66,99.85,103.48,183129773
NVDA,2025-10-09,102.85,104.42,100.47,101.8,146376405
NVDA,2025-10-10,100.51,106.23,97.6,102.73,167897014
NVDA,2025-10-13,101.99,106.37,96.93,100.6,185568844
NVDA,2025-10-14,100.64,105.0,97.25,101.0,213922051
NVDA,2025-10-15,99.73,104.51,96.25,100.38,120880473
NVDA,2025-10-16,99.76,104.18,95.49,99.23,200394294
NVDA,2025-10-17,99.74,103.73,96.72,100.16,222293291
NVDA,2025-10-20,98.95,105.57,96.38,102.43,177748744
NVDA,2025-10-21,104.06,108.68,96.63,100.42,208070824
NVDA,2025-10-22,99.83,106.91,94.97,101.13,189204635
NVDA,2025-10-23,100.34,106.69,95.37,100.82,128953513
NVDA,2025-10-24,100.14,106.24,97.47,103.01,142212998
NVDA,2025-10-27,103.43,107.22,99.34,102.54,175409888
NVDA,2025-10-28,104.06,105.81,101.89,103.36,213247472
NVDA,2025-10-29,102.7,108.23,98.42,103.18,228911015
NVDA,2025-10-30,105.03,108.37,99.77,102.54,134252750
NVDA,2025-10-31,102.81,106.51,99.9,103.08,115520188
NVDA,2025-11-03,103.67,107.68,101.54,105.13,212455493
NVDA,2025-11-04,105.92,109.19,101.84,104.58,169285689
NVDA,2025-11-05,104.38,108.7,101.81,105.63,261327884
NVDA,2025-11-06,104.86,108.47,99.1,102.08,197275139
NVDA,2025-11-07,101.78,109.24,99.42,106.34,127119816
NVDA,2025-11-10,107.33,111.75,101.25,104.93,180966422
NVDA,2025-11-11,103.69,111.77,100.25,107.57,175232155
NVDA,2025-11-12,107.28,109.37,103.3,105.04,164856793
NVDA,2025-11-13,104.32,109.23,101.25,105.57,168401715
NVDA,2025-11-14,105.3,110.75,101.45,106.18,164534882
NVDA,2025-11-17,106.62,110.69,101.31,104.7,196820988
NVDA,2025-11-18,103.92,109.6,101.25,106.38,194398711
NVDA,2025-11-19,106.51,111.36,100.89,104.95,189323343
NVDA,2025-11-20,104.58,111.45,100.76,106.86,159446135
NVDA,2025-11-21,107.65,113.37,101.67,106.48,200437119
NVDA,2025-11-24,108.38,110.29,104.74,106.34,151334189
NVDA,2025-11-25,106.12,109.26,102.72,105.37,179640233
NVDA,2025-11-26,105.07,110.96,101.03,106.15,198788077
NVDA,2025-11-27,106.49,109.49,104.39,107.0,186108282
NVDA,2025-11-28,107.56,111.59,101.8,105.15,170947609
NVDA,2025-12-01,106.3,110.1,103.76,107.09,159427332
NVDA,2025-12-02,107.65,113.41,104.05,109.12,197714061
NVDA,2025-12-03,108.88,111.07,105.73,107.57,133816420
NVDA,2025-12-04,107.21,115.43,103.38,110.78,197643141
NVDA,2025-12-05,109.21,113.9,105.56,109.59,171093704
NVDA,2025-12-08,108.7,117.59,103.47,111.29,183009698
NVDA,2025-12-09,112.01,118.79,104.87,110.55,157259247
NVDA,2025-12-10,110.21,118.53,105.59,112.96,135019876
NVDA,2025-12-11,113.03,117.57,109.74,113.68,208576671
NVDA,2025-12-12,114.04,117.87,111.68,115.07,209828062
NVDA,2025-12-15,115.83,118.61,113.58,115.95,157371239
NVDA,2025-12-16,115.48,118.99,113.33,116.44,215278314
NVDA,2025-12-17,116.15,119.74,112.82,115.87,147776968
NVDA,2025-12-18,115.51,121.2,109.98,114.79,207419367
NVDA,2025-12-19,113.34,120.61,111.08,117.84,204919214
NVDA,2025-12-22,117.38,120.67,112.57,115.32,156319583
NVDA,2025-12-23,114.12,120.47,110.75,116.42,173321466
NVDA,2025-12-24,117.46,121.67,114.15,117.77,154628732
NVDA,2025-12-25,118.41,124.07,112.71,117.49,163291327
NVDA,2025-12-26,115.93,122.09,113.09,118.67,143290252
NVDA,2025-12-29,120.19,122.52,114.95,116.87,179106743
NVDA,2025-12-30,118.22,123.29,110.76,114.95,173672289
NVDA,2025-12-31,114.24,119.99,111.15,116.28,184059952
NVDA,2026-01-01,117.64,121.43,113.39,116.58,146375051
NVDA,2026-01-02,117.48,122.71,111.45,115.84,186383748
NVDA,2026-01-05,116.54,121.57,113.14,117.53,152829166
NVDA,2026-01-06,117.46,120.03,113.48,115.64,173740394
NVDA,2026-01-07,114.79,119.07,110.65,114.27,203589558
NVDA,2026-01-08,113.1,119.02,110.77,116.21,197689927
NVDA,2026-01-09,116.63,120.66,111.12,114.49,119681194
NVDA,2026-01-12,115.64,123.65,110.5,117.52,256074285
NVDA,2026-01-13,118.01,122.83,112.07,116.09,176391284
NVDA,2026-01-14,116.26,118.82,112.31,114.46,204945990
NVDA,2026-01-15,113.18,121.93,109.34,117.25,188277780
NVDA,2026-01-16,117.95,123.07,114.37,118.82,184941251
NVDA,2026-01-19,119.61,122.19,112.32,114.42,192435083
NVDA,2026-01-20,113.94,122.65,109.92,117.76,199706404
NVDA,2026-01-21,118.0,122.64,113.64,117.56,117150451
NVDA,2026-01-22,116.71,121.58,113.24,117.47,240062121
NVDA,2026-01-23,117.99,123.59,113.11,117.86,195153073
NVDA,2026-01-26,117.95,121.57,115.08,118.19,187452932
NVDA,2026-01-27,117.43,120.73,114.25,117.05,196506596
NVDA,2026-01-28,116.45,123.44,113.08,119.37,136881884
NVDA,2026-01-29,119.77,124.04,112.89,116.41,219789777
NVDA,2026-01-30,115.99,123.31,113.18,119.89,239290390
NVDA,2026-02-02,119.75,126.27,113.77,119.29,151739358
NVDA,2026-02-03,119.06,121.69,114.0,116.18,174183664
NVDA,2026-02-04,115.46,120.54,112.63,117.16,231170113
NVDA,2026-02-05,116.12,123.09,112.15,118.34,149799395
NVDA,2026-02-06,117.97,123.57,111.24,115.92,218620931
NVDA,2026-02-09,116.17,120.86,111.87,115.85,222230272
NVDA,2026-02-10,116.42,122.05,110.41,115.15,163280798
NVDA,2026-02-11,115.08,121.04,111.13,116.34,227244415
NVDA,2026-02-12,116.84,122.38,109.43,114.03,181584469
NVDA,2026-02-13,112.83,119.6,108.32,114.22,198859430
NVDA,2026-02-16,113.73,118.31,110.43,114.4,182727995
NVDA,2026-02-17,115.3,120.27,109.15,113.3,208431767
NVDA,2026-02-18,113.77,117.66,109.09,112.35,232839497
NVDA,2026-02-19,110.28,114.09,108.25,111.67,194250003
NVDA,2026-02-20,111.31,114.05,109.05,111.39,216481662
NVDA,2026-02-23,110.54,115.75,107.15,111.73,198143483
NVDA,2026-02-24,111.78,114.59,108.87,111.25,186131049
NVDA,2026-02-25,112.32,116.89,108.55,112.45,225084615
NVDA,2026-02-26,112.38,115.61,110.84,113.78,174793086
NVDA,2026-02-27,113.65,119.27,109.07,113.88,228575193
NVDA,2026-03-02,114.25,117.1,110.99,113.39,193076245
NVDA,2026-03-03,113.16,117.23,110.15,113.68,145978482
NVDA,2026-03-04,114.09,118.06,110.84,114.24,213571980
NVDA,2026-03-05,112.93,116.91,110.81,114.39,307205537
NVDA,2026-03-06,113.6,119.37,110.05,115.14,198914507
NVDA,2026-03-09,114.25,123.9,109.23,117.8,181134656
NVDA,2026-03-10,117.94,124.16,110.92,116.13,156274538
NVDA,2026-03-11,115.68,121.78,112.71,118.21,136391525
NVDA,2026-03-12,118.46,123.05,114.17,118.05,186034693
NVDA,2026-03-13,118.65,127.05,114.34,121.83,189968111
NVDA,2026-03-16,121.6,127.26,113.02,117.67,155707198
NVDA,2026-03-17,118.95,124.03,115.74,120.21,201408593
NVDA,2026-03-18,121.92,123.17,118.9,119.95,169975778
NVDA,2026-03-19,119.57,125.89,114.33,119.72,162307377
NVDA,2026-03-20,122.27,124.46,119.28,121.12,185189974
NVDA,2026-03-23,120.75,125.84,116.75,121.11,155727872
NVDA,2026-03-24,120.68,122.47,118.37,119.88,175897568
NVDA,2026-03-25,118.48,124.09,116.45,121.64,174441440
NVDA,2026-03-26,121.52,127.1,116.93,121.69,129365273
NVDA,2026-03-27,122.09,127.37,118.23,122.8,161060623
NVDA,2026-03-30,122.03,126.06,117.41,120.8,196695109
NVDA,2026-03-31,120.45,128.5,116.08,123.25,160774808
NVDA,2026-04-01,124.91,129.16,118.07,121.59,163253281
NVDA,2026-04-02,120.06,122.34,117.93,119.86,179644959
NVDA,2026-04-03,119.64,127.45,115.91,122.94,147027411
NVDA,2026-04-06,122.79,126.15,119.79,122.64,176230510
NVDA,2026-04-07,122.43,128.94,116.65,122.18,146356348
NVDA,2026-04-08,123.24,127.58,120.85,124.73,152842117
NVDA,2026-04-09,123.91,129.72,118.79,123.72,179754312
NVDA,2026-04-10,123.85,130.61,120.04,126.05,134034881
NVDA,2026-04-13,127.42,133.57,120.33,125.48,165472649
NVDA,2026-04-14,125.49,132.32,121.17,127.16,161270607
NVDA,2026-04-15,126.96,131.5,123.87,127.83,156237509
NVDA,2026-04-16,127.36,133.66,122.88,128.35,156906884
NVDA,2026-04-17,127.92,131.41,124.39,127.34,121906957
NVDA,2026-04-20,128.89,135.45,124.61,130.35,193337380
NVDA,2026-04-21,129.81,136.34,124.41,129.98,171968846
NVDA,2026-04-22,131.45,137.43,127.69,132.95,166635816
NVDA,2026-04-23,132.41,136.99,127.82,131.7,175264383
NVDA,2026-04-24,133.23,139.87,126.88,132.49,171692242
NVDA,2026-04-27,133.75,134.49,130.43,131.05,155175259
NVDA,2026-04-28,131.3,137.42,126.5,131.75,183107177
NVDA,2026-04-29,131.7,136.38,128.45,132.53,146231843
NVDA,2026-04-30,134.5,140.62,126.01,131.08,211928460
NVDA,2026-05-01,131.09,134.79,127.91,131.05,189521164
NVDA,2026-05-04,131.03,136.51,127.41,132.22,172355334
NVDA,2026-05-05,131.57,135.33,128.8,132.06,166393244
NVDA,2026-05-06,130.63,137.42,126.19,132.13,201273401
NVDA,2026-05-07,131.34,134.87,129.68,132.9,188260216
NVDA,2026-05-08,133.15,137.68,126.95,130.73,134306624
NVDA,2026-05-11,128.77,138.43,123.13,131.64,170829134
NVDA,2026-05-12,132.16,136.52,126.61,130.27,192073338
NVDA,2026-05-13,128.97,133.62,125.77,129.84,135935973
NVDA,2026-05-14,128.74,133.46,125.85,130.02,122044109
NVDA,2026-05-15,129.56,132.98,124.13,126.98,143077576
NVDA,2026-05-18,126.85,133.59,123.21,129.24,155429160
NVDA,2026-05-19,131.26,136.68,123.71,128.21,221249733
NVDA,2026-05-20,127.88,133.39,123.06,127.74,210688726
NVDA,2026-05-21,126.73,130.11,123.68,126.56,283996112
NVDA,2026-05-22,126.15,133.24,121.98,128.25,180104936
NVDA,2026-05-25,129.08,132.11,124.11,126.64,154321984
NVDA,2026-05-26,127.76,134.64,123.86,129.98,104976953
NVDA,2026-05-27,130.0,134.15,125.35,128.85,214899180
NVDA,2026-05-28,129.17,134.0,123.31,127.35,194571072
NVDA,2026-05-29,127.64,131.57,125.27,128.76,164315779
NVDA,2026-06-01,127.9,133.27,125.75,130.68,221001185
NVDA,2026-06-02,131.77,137.07,124.89,129.3,173442445
NVDA,2026-06-03,128.76,133.67,125.56,129.88,234552130
NVDA,2026-06-04,130.41,137.17,124.21,129.94,162031777
NVDA,2026-06-05,129.71,133.04,127.43,130.34,146842200
NVDA,2026-06-08,130.18,134.13,125.22,128.54,179660729
NVDA,2026-06-09,127.0,135.18,123.13,130.5,188534401
NVDA,2026-06-10,131.43,136.63,125.46,129.83,152314901
NVDA,2026-06-11,130.23,137.55,127.17,133.86,255237779
NVDA,2026-06-12,133.83,137.65,126.75,129.9,185975459
NVDA,2026-06-15,128.38,135.45,123.25,129.36,277970062
NVDA,2026-06-16,127.61,134.84,124.23,130.76,197698697
NVDA,2026-06-17,130.15,136.2,123.97,129.06,247534893
NVDA,2026-06-18,128.82,136.33,122.76,129.18,203718870
NVDA,2026-06-19,128.93,133.67,123.5,127.48,175603587
NVDA,2026-06-22,128.93,135.18,124.52,129.95,190122949
NVDA,2026-06-23,129.76,132.92,124.44,127.07,212898849
NVDA,2026-06-24,125.79,132.27,122.17,127.94,184485436
NVDA,2026-06-25,128.51,134.32,123.63,128.58,232314650
NVDA,2026-06-26,128.46,131.85,123.91,126.76,192517135
NVDA,2026-06-29,126.74,131.98,122.55,127.04,182627049
NVDA,2026-06-30,126.08,132.29,122.27,127.75,253033445
NVDA,2026-07-01,129.61,135.06,123.41,127.99,166913926
NVDA,2026-07-02,129.4,132.63,123.49,126.18,174730181
NVDA,2026-07-03,126.6,130.49,124.5,128.0,231785384
V,2025-03-17,236.97,240.85,233.73,237.03,10901062
V,2025-03-18,237.48,240.71,235.02,237.81,7977000
V,2025-03-19,237.32,241.39,233.57,237.02,10576008
V,2025-03-20,236.85,239.83,235.69,238.45,7588593
V,2025-03-21,238.77,240.96,236.18,238.04,5550670
V,2025-03-24,237.72,238.87,236.04,237.01,9080186
V,2025-03-25,236.72,240.79,234.06,237.64,10582403
V,2025-03-26,236.99,238.04,233.2,234.07,8535545
V,2025-03-27,234.4,237.6,232.95,235.88,8007329
V,2025-03-28,235.64,238.73,232.11,234.73,7620722
V,2025-03-31,236.6,239.43,230.98,233.35,8849084
V,2025-04-01,233.01,233.87,232.53,233.31,10675739
V,2025-04-02,231.1,237.03,227.48,232.74,6506124
V,2025-04-03,231.79,234.71,228.48,230.95,11888005
V,2025-04-04,231.17,234.0,228.33,230.73,7326591
V,2025-04-07,231.18,233.84,227.89,230.15,9569716
V,2025-04-08,228.79,233.43,225.85,229.95,8940561
V,2025-04-09,229.02,232.23,227.29,230.19,8206981
V,2025-04-10,229.85,233.11,225.77,228.52,6232657
V,2025-04-11,227.91,234.67,223.75,229.74,7102901
V,2025-04-14,229.45,232.27,225.17,227.55,7922167
V,2025-04-15,228.38,231.29,226.3,228.84,9584461
V,2025-04-16,228.25,231.93,224.2,227.31,7951781
V,2025-04-17,227.19,231.79,224.75,228.9,9048529
V,2025-04-18,228.08,231.7,226.31,229.61,11199018
V,2025-04-21,229.96,233.52,227.7,230.85,9096350
V,2025-04-22,230.81,231.73,228.68,229.46,8348056
V,2025-04-23,229.38,232.68,226.18,228.98,6944561
V,2025-04-24,228.83,234.55,225.41,230.5,7808495
V,2025-04-25,230.2,233.53,226.9,229.72,7415822
V,2025-04-28,230.46,233.29,227.28,229.68,8456403
V,2025-04-29,229.2,231.99,227.64,230.14,8913679
V,2025-04-30,230.33,233.91,226.93,229.97,8886604
V,2025-05-01,228.96,232.04,224.66,227.27,4984038
V,2025-05-02,227.62,230.11,225.95,228.14,8406736
V,2025-05-05,228.64,231.12,225.32,227.42,7676789
V,2025-05-06,228.25,229.71,224.6,225.82,8551219
V,2025-05-07,225.91,229.7,221.35,224.56,5353194
V,2025-05-08,224.56,228.82,221.23,224.9,9427215
V,2025-05-09,224.38,227.05,221.42,223.68,10026769
V,2025-05-12,222.73,225.58,220.15,222.58,7727264
V,2025-05-13,222.69,224.76,220.42,222.17,8739398
V,2025-05-14,222.76,227.27,217.39,221.2,6349219
V,2025-05-15,220.88,224.72,217.52,220.78,9774835
V,2025-05-16,220.78,222.93,219.49,221.41,7044943
V,2025-05-19,222.05,225.54,216.8,219.73,8755517
V,2025-05-20,221.0,223.49,218.81,220.93,6078264
V,2025-05-21,220.13,223.11,217.79,220.35,8553923
V,2025-05-22,221.49,224.56,217.63,220.23,7216949
V,2025-05-23,220.14,224.09,215.87,219.21,6186342
V,2025-05-26,219.14,222.8,216.78,220.01,7108902
V,2025-05-27,221.2,223.29,218.4,220.16,10266923
V,2025-05-28,219.73,224.15,217.91,221.99,6254408
V,2025-05-29,222.42,225.42,219.97,222.54,8508866
V,2025-05-30,221.99,225.39,220.8,223.98,6591972
V,2025-06-02,224.17,226.6,222.81,224.99,6914594
V,2025-06-03,225.36,228.27,223.48,226.06,5994580
V,2025-06-04,225.32,229.65,222.94,226.84,7607321
V,2025-06-05,228.71,232.74,224.11,227.52,5428757
V,2025-06-06,226.47,231.96,224.06,229.08,9007237
V,2025-06-09,229.54,233.61,227.41,231.09,8285805
V,2025-06-10,232.04,236.42,227.66,231.36,5674290
V,2025-06-11,231.67,234.15,230.11,232.32,6008255
V,2025-06-12,231.43,236.63,229.08,233.83,5216250
V,2025-06-13,234.37,237.41,231.57,234.15,5948520
V,2025-06-16,234.49,238.97,229.25,233.04,7496208
V,2025-06-17,232.63,237.33,230.28,234.55,6940219
V,2025-06-18,234.06,235.6,232.83,234.16,6607531
V,2025-06-19,235.03,237.31,233.05,234.98,4640147
V,2025-06-20,234.92,239.52,231.44,235.42,4921906
V,2025-06-23,235.56,239.01,232.61,235.54,7850324
V,2025-06-24,235.93,240.12,232.84,236.47,5137035
V,2025-06-25,236.91,241.29,230.97,234.67,6927222
V,2025-06-26,234.93,237.03,233.05,234.83,8945989
V,2025-06-27,234.39,240.2,230.49,235.58,6781843
V,2025-06-30,236.06,238.63,233.83,236.01,9787119
V,2025-07-01,234.61,238.01,231.67,234.56,4599833
V,2025-07-02,233.71,241.12,229.62,236.26,8597614
V,2025-07-03,234.84,239.72,232.25,236.65,6600819
V,2025-07-04,237.05,241.89,232.39,236.49,8349788
V,2025-07-07,236.8,240.57,233.77,237.01,6035263
V,2025-07-08,237.5,242.56,234.14,238.58,6722936
V,2025-07-09,238.12,243.65,234.31,239.15,7885807
V,2025-07-10,238.33,242.74,236.04,240.02,7014860
V,2025-07-11,239.98,243.07,237.38,240.02,7344574
V,2025-07-14,241.22,245.16,236.81,240.15,9800008
V,2025-07-15,238.93,245.75,236.2,242.49,9426368
V,2025-07-16,243.02,245.77,240.89,243.27,6761844
V,2025-07-17,243.97,247.73,241.45,244.76,8791351
V,2025-07-18,244.88,247.94,241.88,244.49,8089904
V,2025-07-21,243.88,251.22,239.77,246.34,8749068
V,2025-07-22,247.37,250.06,244.37,246.65,7228730
V,2025-07-23,246.41,248.77,244.0,246.0,9034557
V,2025-07-24,246.53,250.33,244.23,247.62,7628908
V,2025-07-25,247.9,250.38,244.39,246.48,7537121
V,2025-07-28,247.64,250.12,243.87,245.97,7416676
V,2025-07-29,247.82,248.93,245.45,246.39,6465146
V,2025-07-30,247.72,250.53,243.22,245.59,8997607
V,2025-07-31,247.15,249.66,242.0,244.1,7408587
V,2025-08-01,244.4,247.64,241.76,244.54,7539430
V,2025-08-04,244.44,246.32,241.44,243.02,9059829
V,2025-08-05,243.63,246.64,238.8,241.33,8052087
V,2025-08-06,241.73,244.35,237.18,239.39,7952110
V,2025-08-07,239.34,244.63,235.5,240.1,8371058
V,2025-08-08,240.02,242.98,236.21,238.71,7885312
V,2025-08-11,238.02,240.24,235.78,237.66,9807965
V,2025-08-12,237.25,240.89,234.56,237.71,7782851
V,2025-08-13,236.76,239.4,231.41,233.62,10674907
V,2025-08-14,233.33,238.37,231.29,235.94,7886809
V,2025-08-15,235.7,238.98,232.59,235.37,7923167
V,2025-08-18,235.3,237.9,230.77,232.95,9118202
V,2025-08-19,233.17,237.47,230.42,234.23,9551069
V,2025-08-20,234.16,238.34,228.99,232.52,9298160
V,2025-08-21,233.56,236.52,229.75,232.25,9000251
V,2025-08-22,231.78,236.11,229.21,233.06,9842157
V,2025-08-25,232.81,239.23,229.05,234.78,8614850
V,2025-08-26,235.89,237.97,232.05,233.8,8141787
V,2025-08-27,233.45,237.8,230.07,233.81,9549071
V,2025-08-28,233.76,237.42,231.54,234.79,8506759
V,2025-08-29,235.3,239.15,230.6,233.85,8442192
V,2025-09-01,233.54,239.02,230.87,235.86,8715128
V,2025-09-02,236.04,238.77,233.79,236.13,11159832
V,2025-09-03,235.69,240.18,231.53,235.34,10602199
V,2025-09-04,236.01,240.84,230.31,234.39,9297495
V,2025-09-05,234.17,238.44,231.99,235.87,7407814
V,2025-09-08,236.46,238.14,233.66,235.08,6247240
V,2025-09-09,236.16,240.18,231.69,235.1,8990536
V,2025-09-10,235.75,239.55,231.92,235.14,8053735
V,2025-09-11,234.1,238.35,230.5,234.11,8966313
V,2025-09-12,233.14,236.31,229.8,232.49,7566443
V,2025-09-15,232.41,236.59,230.1,233.85,9042129
V,2025-09-16,233.71,235.67,230.6,232.26,9178583
V,2025-09-17,232.6,234.29,230.25,231.68,8746253
V,2025-09-18,232.3,235.18,228.9,231.34,8378435
V,2025-09-19,230.81,232.19,229.4,230.57,8819153
V,2025-09-22,230.51,233.9,227.61,230.49,7679402
V,2025-09-23,230.31,233.45,227.07,229.73,7882969
V,2025-09-24,230.33,232.93,227.05,229.26,5867416
V,2025-09-25,229.36,231.14,227.43,228.94,4287660
V,2025-09-26,228.19,231.71,226.01,229.13,6714762
V,2025-09-29,228.08,232.44,225.73,229.66,9497919
V,2025-09-30,230.23,234.23,227.68,231.22,9030250
V,2025-10-01,230.91,233.1,229.0,230.86,8640688
V,2025-10-02,230.11,235.25,227.3,231.93,7619625
V,2025-10-03,231.67,235.58,229.48,232.98,9167994
V,2025-10-06,231.87,237.98,229.09,234.68,7173045
V,2025-10-07,234.15,239.17,231.54,236.06,7950328
V,2025-10-08,236.02,241.87,233.22,238.53,9385346
V,2025-10-09,238.1,241.6,234.19,237.15,5111016
V,2025-10-10,237.47,240.88,236.36,239.55,8239885
V,2025-10-13,239.21,244.94,236.43,241.64,5432056
V,2025-10-14,241.65,245.59,237.74,241.08,8140339
V,2025-10-15,241.07,248.46,238.41,245.28,8790383
V,2025-10-16,245.82,248.4,242.68,244.86,6496992
V,2025-10-17,244.36,248.47,241.69,245.32,5713405
V,2025-10-20,243.73,250.74,241.22,247.73,7519870
V,2025-10-21,247.87,252.17,242.11,245.73,5497880
V,2025-10-22,245.35,250.19,243.84,248.39,7455164
V,2025-10-23,248.32,251.07,245.43,247.76,7169113
V,2025-10-24,247.24,251.1,245.37,248.88,9113686
V,2025-10-27,249.49,252.54,246.75,249.35,5113236
V,2025-10-28,249.19,253.54,245.95,249.72,7276743
V,2025-10-29,250.48,254.96,245.51,249.3,6940212
V,2025-10-30,248.95,253.36,246.62,250.6,6512996
V,2025-10-31,251.28,254.12,246.25,248.64,4902156
V,2025-11-03,248.99,252.12,245.41,248.07,6432531
V,2025-11-04,246.61,253.64,242.9,249.23,7900326
V,2025-11-05,248.38,251.76,245.08,247.94,5650841
V,2025-11-06,246.93,249.4,245.96,248.26,8008113
V,2025-11-07,248.92,251.84,242.01,244.46,6952549
V,2025-11-10,245.74,250.82,243.66,248.34,5535724
V,2025-11-11,248.43,252.21,244.85,248.05,6670291
V,2025-11-12,246.99,250.48,244.91,248.02,7930624
V,2025-11-13,248.55,250.12,246.88,248.21,5518713
V,2025-11-14,247.48,253.27,244.76,250.04,9912210
V,2025-11-17,249.83,253.14,245.23,248.02,6094046
V,2025-11-18,249.95,255.86,247.7,253.18,6480532
V,2025-11-19,253.3,255.25,250.43,252.08,8206291
V,2025-11-20,252.07,254.5,249.98,252.05,6419847
V,2025-11-21,250.61,256.77,248.32,254.03,4264350
V,2025-11-24,253.69,256.48,250.81,253.18,6483594
V,2025-11-25,252.74,255.17,250.58,252.64,8904510
V,2025-11-26,253.73,257.88,251.08,254.74,8828673
V,2025-11-27,254.51,257.51,250.11,252.64,6260762
V,2025-11-28,253.17,258.68,249.84,254.74,5678845
V,2025-12-01,254.86,258.0,252.49,255.21,6229663
V,2025-12-02,255.19,256.55,253.24,254.39,6894131
V,2025-12-03,255.83,259.6,249.05,252.21,5983345
V,2025-12-04,252.63,256.47,249.76,253.09,7127093
V,2025-12-05,252.64,255.93,249.25,252.04,6796738
V,2025-12-08,251.91,255.92,247.18,250.58,8776411
V,2025-12-09,249.6,252.38,245.81,248.16,9924666
V,2025-12-10,249.5,253.11,244.94,248.0,9987219
V,2025-12-11,248.9,252.0,244.74,247.37,4990491
V,2025-12-12,247.32,249.45,245.67,247.5,8027734
V,2025-12-15,248.8,252.28,244.67,247.61,6767301
V,2025-12-16,246.74,248.01,243.65,244.72,5207114
V,2025-12-17,245.92,249.96,238.74,242.12,7783611
V,2025-12-18,242.01,245.11,238.71,241.33,7999146
V,2025-12-19,242.34,245.87,238.62,241.61,5183724
V,2025-12-22,242.38,243.66,239.29,240.36,7510133
V,2025-12-23,239.36,242.64,236.69,239.49,6301360
V,2025-12-24,238.5,240.95,236.71,238.84,9383809
V,2025-12-25,238.71,243.05,235.53,239.3,10237758
V,2025-12-26,239.47,243.66,236.36,240.0,6820068
V,2025-12-29,239.94,241.95,236.44,238.14,9125178
V,2025-12-30,238.79,242.82,235.01,238.43,8290063
V,2025-12-31,239.07,242.03,236.49,239.01,7519582
V,2026-01-01,239.37,243.18,235.38,238.61,11725840
V,2026-01-02,239.13,241.19,235.92,237.65,6941039
V,2026-01-05,236.73,243.66,234.05,240.46,6777883
V,2026-01-06,241.44,244.3,237.6,240.01,9453767
V,2026-01-07,240.12,245.81,237.19,242.33,6911397
V,2026-01-08,242.3,245.04,239.61,241.93,8360791
V,2026-01-09,242.02,247.38,238.78,243.55,7817928
V,2026-01-12,244.15,247.65,239.04,241.98,11068701
V,2026-01-13,239.58,246.56,237.45,244.02,10498271
V,2026-01-14,242.17,246.76,238.01,241.9,8695218
V,2026-01-15,240.42,248.11,237.17,244.23,6950327
V,2026-01-16,243.56,248.15,239.36,243.25,7981384
V,2026-01-19,242.55,249.32,238.22,244.19,10014856
V,2026-01-20,243.94,246.34,240.9,242.93,8263521
V,2026-01-21,244.08,246.29,241.71,243.59,6608179
V,2026-01-22,244.52,247.42,240.72,243.17,8722246
V,2026-01-23,243.55,246.34,240.42,242.78,4823719
V,2026-01-26,242.63,246.99,238.85,242.55,11887266
V,2026-01-27,242.47,246.5,239.81,243.36,10627574
V,2026-01-28,243.8,247.26,238.39,241.29,5480649
V,2026-01-29,240.99,246.25,238.15,242.88,6178998
V,2026-01-30,242.61,247.43,237.37,241.44,8079509
V,2026-02-02,240.4,244.27,239.29,242.95,8429995
V,2026-02-03,242.52,246.58,240.56,244.25,8765272
V,2026-02-04,244.46,247.81,239.28,242.1,8920987
V,2026-02-05,241.21,244.15,239.07,241.62,7869821
V,2026-02-06,241.59,248.6,238.1,244.46,7236252
V,2026-02-09,243.89,249.38,239.96,244.74,8529671
V,2026-02-10,243.71,248.93,241.28,246.04,6419516
V,2026-02-11,245.2,249.4,243.61,247.5,7041246
V,2026-02-12,249.03,253.27,245.11,248.71,10213611
V,2026-02-13,249.52,255.04,246.88,251.9,8729689
V,2026-02-16,251.97,255.35,250.11,253.14,6402624
V,2026-02-17,253.82,256.75,252.07,254.68,8345137
V,2026-02-18,255.18,261.3,251.7,257.19,8542466
V,2026-02-19,256.26,260.15,252.54,255.84,7767288
V,2026-02-20,255.09,256.88,253.99,255.59,8563710
V,2026-02-23,254.4,262.47,253.06,260.86,10352565
V,2026-02-24,259.92,263.23,257.42,260.28,7930320
V,2026-02-25,260.34,263.19,258.36,260.87,6790915
V,2026-02-26,261.5,264.6,257.32,259.94,7705217
V,2026-02-27,258.26,263.63,255.91,260.84,8878971
V,2026-03-02,260.27,265.43,258.24,263.01,8162643
V,2026-03-03,263.49,267.26,259.16,262.36,6826948
V,2026-03-04,262.95,268.08,256.14,260.46,9149574
V,2026-03-05,259.24,267.82,253.79,261.36,5721667
V,2026-03-06,260.4,266.58,257.25,262.85,7345644
V,2026-03-09,263.13,267.93,258.54,262.61,8676231
V,2026-03-10,261.91,265.39,258.18,261.13,8737156
V,2026-03-11,261.95,267.56,258.05,262.96,8435347
V,2026-03-12,263.52,266.4,258.32,260.74,5580533
V,2026-03-13,261.07,263.99,258.42,260.9,8912518
V,2026-03-16,260.22,263.21,257.43,259.97,6689521
V,2026-03-17,260.72,264.9,255.56,259.08,7246237
V,2026-03-18,259.31,264.36,252.53,256.78,4906827
V,2026-03-19,257.36,261.81,252.54,256.31,8724784
V,2026-03-20,256.93,259.5,254.76,256.96,6442498
V,2026-03-23,257.47,260.59,255.14,257.84,6858064
V,2026-03-24,256.68,259.82,254.88,257.7,7534063
V,2026-03-25,257.37,260.8,255.19,258.22,6834475
V,2026-03-26,258.46,261.55,255.51,258.13,7277405
V,2026-03-27,258.2,262.01,255.57,258.91,7030873
V,2026-03-30,258.22,262.59,255.81,259.73,4708713
V,2026-03-31,258.82,261.35,257.01,259.21,6522812
V,2026-04-01,260.09,263.46,256.43,259.28,7212612
V,2026-04-02,258.55,262.21,254.36,257.45,9162985
V,2026-04-03,257.39,263.37,255.26,260.84,5547266
V,2026-04-06,261.05,263.46,257.41,259.45,7925634
V,2026-04-07,258.66,260.96,257.26,259.31,7636828
V,2026-04-08,258.3,264.78,254.91,260.76,8352276
V,2026-04-09,260.29,264.08,257.23,260.48,8815567
V,2026-04-10,260.12,265.16,255.5,259.78,6645150
V,2026-04-13,259.05,262.85,256.1,259.38,7365980
V,2026-04-14,260.26,264.57,253.12,256.73,7569982
V,2026-04-15,257.24,260.77,253.58,256.57,8134088
V,2026-04-16,256.17,258.4,253.34,255.23,7410737
V,2026-04-17,257.29,261.46,252.57,256.1,6265177
V,2026-04-20,257.17,258.6,252.91,254.11,6870122
V,2026-04-21,254.41,257.03,249.66,251.87,6453608
V,2026-04-22,251.74,254.47,249.26,251.57,6234058
V,2026-04-23,250.75,252.45,248.51,249.94,6023963
V,2026-04-24,249.87,254.12,244.78,248.37,6453156
V,2026-04-27,247.47,252.65,243.38,247.84,5849831
V,2026-04-28,247.91,250.2,245.32,247.26,6446225
V,2026-04-29,247.55,251.22,242.56,245.66,9147797
V,2026-04-30,246.15,249.5,241.32,244.14,8327641
V,2026-05-01,243.39,249.52,239.7,245.15,8250396
V,2026-05-04,245.51,249.29,241.25,244.45,5555225
V,2026-05-05,243.62,247.03,240.82,243.73,7814963
V,2026-05-06,244.15,247.56,241.37,244.28,7406705
V,2026-05-07,245.21,248.74,242.14,245.14,8742259
V,2026-05-08,246.02,250.46,242.19,245.96,8195502
V,2026-05-11,246.5,250.62,243.55,247.14,9303498
V,2026-05-12,248.84,251.03,245.46,247.31,6781122
V,2026-05-13,248.49,252.22,245.58,248.8,7279099
V,2026-05-14,248.29,253.23,244.75,249.06,8735381
V,2026-05-15,250.56,254.02,247.87,250.85,9274964
V,2026-05-18,252.09,253.92,250.14,251.7,6502772
V,2026-05-19,251.9,255.48,249.61,252.77,7455707
V,2026-05-20,252.27,257.56,249.61,254.41,6790632
V,2026-05-21,253.43,257.34,250.3,253.65,8335082
V,2026-05-22,254.4,258.23,249.9,253.14,8817400
V,2026-05-25,253.72,257.42,251.7,255.04,7492679
V,2026-05-26,255.25,260.55,251.62,256.26,9230967
V,2026-05-27,256.09,259.23,253.19,255.86,8678003
V,2026-05-28,254.97,260.52,251.42,256.32,9497776
V,2026-05-29,257.03,261.39,250.91,254.59,9874410
V,2026-06-01,253.15,258.96,250.16,255.41,6238866
V,2026-06-02,254.68,259.81,251.98,256.61,10224291
V,2026-06-03,256.87,260.44,253.74,256.77,11172926
V,2026-06-04,256.96,259.32,253.36,255.36,6351661
V,2026-06-05,254.69,259.79,251.78,256.35,6143114
V,2026-06-08,256.68,260.34,252.34,255.43,7415250
V,2026-06-09,255.51,259.36,251.9,255.17,7564921
V,2026-06-10,255.73,259.11,253.53,256.51,9453968
V,2026-06-11,257.63,261.31,253.9,257.02,6598718
V,2026-06-12,257.09,261.14,254.18,257.7,7241364
V,2026-06-15,256.73,261.64,254.23,258.68,9916335
V,2026-06-16,259.31,264.99,255.39,260.36,8509988
V,2026-06-17,261.89,264.41,258.54,260.67,9260698
V,2026-06-18,260.48,265.52,256.28,260.58,8627676
V,2026-06-19,259.77,266.66,256.69,262.98,6841723
V,2026-06-22,262.3,266.68,258.35,262.07,8534436
V,2026-06-23,262.75,267.41,260.62,264.89,10552791
V,2026-06-24,264.75,268.55,263.58,267.17,7165666
V,2026-06-25,266.05,270.13,264.44,268.22,9311423
V,2026-06-26,268.51,273.86,265.01,269.71,7380679
V,2026-06-29,270.14,273.95,268.51,272.01,7751914
V,2026-06-30,271.88,274.8,268.2,270.67,8620372
V,2026-07-01,270.65,277.22,267.23,273.16,8903595
V,2026-07-02,273.94,276.97,270.6,273.17,9402114
V,2026-07-03,273.4,278.84,270.15,275.0,8587829
CRWD,2025-03-17,241.37,247.27,236.45,241.47,5867871
CRWD,2025-03-18,239.61,256.85,233.3,249.12,5450073
CRWD,2025-03-19,246.14,254.8,235.42,242.69,2822147
CRWD,2025-03-20,242.03,246.59,238.56,242.49,5973149
CRWD,2025-03-21,241.91,252.71,233.88,243.21,5494485
CRWD,2025-03-24,242.84,253.03,232.53,241.13,5216731
CRWD,2025-03-25,241.08,258.64,231.88,247.53,6359519
CRWD,2025-03-26,251.06,260.0,235.66,243.02,5129678
CRWD,2025-03-27,244.89,254.7,235.12,243.4,5378316
CRWD,2025-03-28,244.35,251.78,237.49,243.79,6146684
CRWD,2025-03-31,243.85,254.65,237.64,247.25,7333566
CRWD,2025-04-01,248.06,254.82,244.17,250.21,5815848
CRWD,2025-04-02,249.67,258.21,241.7,248.93,5826952
CRWD,2025-04-03,249.59,253.31,244.72,247.86,3994103
CRWD,2025-04-04,250.36,261.26,243.78,253.42,6876987
CRWD,2025-04-07,254.38,261.02,246.79,252.39,3841243
CRWD,2025-04-08,253.32,262.48,243.64,251.37,7225504
CRWD,2025-04-09,251.0,261.92,244.19,253.81,3688467
CRWD,2025-04-10,252.7,263.79,245.49,255.22,5097813
CRWD,2025-04-11,253.62,267.82,243.96,256.33,6975724
CRWD,2025-04-14,254.36,264.84,247.41,256.59,4970281
CRWD,2025-04-15,259.33,268.02,249.97,257.29,5932709
CRWD,2025-04-16,255.56,273.31,246.01,261.8,5040703
CRWD,2025-04-17,265.32,276.38,254.97,264.34,4676793
CRWD,2025-04-18,265.34,274.24,251.51,258.89,5057503
CRWD,2025-04-21,260.29,268.35,250.02,256.77,5263408
CRWD,2025-04-22,255.61,262.85,250.38,256.67,5278127
CRWD,2025-04-23,257.01,271.73,247.93,260.89,3913788
CRWD,2025-04-24,261.1,273.25,245.64,255.75,4517298
CRWD,2025-04-25,253.83,264.86,249.02,259.09,5843649
CRWD,2025-04-28,256.72,268.78,249.87,260.6,4472438
CRWD,2025-04-29,259.52,267.84,253.28,260.48,4714494
CRWD,2025-04-30,259.79,267.76,252.88,259.65,5269537
CRWD,2025-05-01,258.8,274.62,250.94,265.15,4566255
CRWD,2025-05-02,264.29,272.64,256.53,263.61,3434584
CRWD,2025-05-05,262.05,268.55,256.21,261.72,4032864
CRWD,2025-05-06,261.28,271.97,255.92,265.55,4110312
CRWD,2025-05-07,267.5,281.19,253.11,264.63,5766747
CRWD,2025-05-08,265.2,276.39,255.73,265.25,5142790
CRWD,2025-05-09,264.75,275.61,257.49,266.99,4551704
CRWD,2025-05-12,262.75,278.49,257.59,272.19,4103210
CRWD,2025-05-13,273.14,280.4,263.83,269.93,3246699
CRWD,2025-05-14,269.88,282.04,262.09,272.78,5445856
CRWD,2025-05-15,273.5,292.06,260.91,277.05,4021782
CRWD,2025-05-16,279.68,290.88,267.7,277.14,4206586
CRWD,2025-05-19,276.88,285.36,271.22,278.66,4629673
CRWD,2025-05-20,277.77,285.6,271.41,278.11,4717919
CRWD,2025-05-21,276.04,298.66,266.18,286.62,5455756
CRWD,2025-05-22,285.19,296.45,274.8,284.35,3811766
CRWD,2025-05-23,280.69,290.3,269.79,277.87,5155454
CRWD,2025-05-26,276.39,297.95,267.87,287.53,6341798
CRWD,2025-05-27,293.76,300.47,276.55,282.02,4958644
CRWD,2025-05-28,279.53,298.76,265.66,282.28,4313539
CRWD,2025-05-29,284.03,293.28,276.28,284.15,3789536
CRWD,2025-05-30,283.73,294.16,279.34,288.9,4141855
CRWD,2025-06-02,288.34,297.96,277.0,285.09,2768613
CRWD,2025-06-03,284.95,301.87,271.46,285.94,3885355
CRWD,2025-06-04,286.61,294.39,274.51,281.0,2309930
CRWD,2025-06-05,278.98,294.09,273.14,287.01,5420157
CRWD,2025-06-06,286.94,295.29,276.18,283.18,5284128
CRWD,2025-06-09,283.45,291.84,273.04,280.09,5292831
CRWD,2025-06-10,277.32,291.54,270.43,283.27,5806604
CRWD,2025-06-11,278.9,289.71,273.31,283.03,4886294
CRWD,2025-06-12,283.49,291.42,274.8,281.5,5137970
CRWD,2025-06-13,279.7,295.39,270.05,283.86,4954519
CRWD,2025-06-16,287.57,298.88,272.4,281.82,5283213
CRWD,2025-06-17,284.69,291.38,278.07,283.74,4571917
CRWD,2025-06-18,280.16,291.25,270.55,279.96,6292269
CRWD,2025-06-19,278.99,285.85,274.36,280.38,5858125
CRWD,2025-06-20,278.89,289.75,272.64,282.31,6252759
CRWD,2025-06-23,281.58,291.62,274.54,283.29,6349194
CRWD,2025-06-24,284.49,290.46,275.15,280.15,6288221
CRWD,2025-06-25,276.63,297.53,267.02,285.85,5413746
CRWD,2025-06-26,284.77,291.53,276.48,282.17,4001037
CRWD,2025-06-27,285.69,294.94,274.67,282.44,4460256
CRWD,2025-06-30,283.61,296.15,273.3,284.0,5351028
CRWD,2025-07-01,285.43,296.95,271.74,281.4,5144111
CRWD,2025-07-02,282.04,290.53,272.76,279.92,4205741
CRWD,2025-07-03,277.37,299.33,268.99,289.06,4493921
CRWD,2025-07-04,289.02,297.35,279.86,286.89,6086123
CRWD,2025-07-07,287.47,297.28,274.0,282.19,4943014
CRWD,2025-07-08,281.91,292.58,275.22,284.62,5477873
CRWD,2025-07-09,281.09,294.38,273.68,285.53,5621585
CRWD,2025-07-10,286.34,292.31,277.46,282.46,4900929
CRWD,2025-07-11,281.69,293.93,275.46,286.48,4164625
CRWD,2025-07-14,284.23,293.13,273.73,281.21,5734054
CRWD,2025-07-15,281.51,290.41,276.04,283.93,5764334
CRWD,2025-07-16,283.52,291.02,272.95,279.22,4516358
CRWD,2025-07-17,278.2,291.68,269.19,280.98,5265879
CRWD,2025-07-18,280.73,288.58,275.58,282.49,8221552
CRWD,2025-07-21,277.88,282.33,275.11,279.06,4978858
CRWD,2025-07-22,279.46,292.94,264.67,275.98,6033564
CRWD,2025-07-23,276.58,287.98,267.17,276.9,5641140
CRWD,2025-07-24,273.0,286.8,265.19,277.47,5786235
CRWD,2025-07-25,281.8,288.65,268.72,274.38,6854396
CRWD,2025-07-28,271.69,286.82,261.09,274.23,5742822
CRWD,2025-07-29,275.88,289.81,266.98,279.21,6313672
CRWD,2025-07-30,279.41,286.36,272.7,278.59,5481598
CRWD,2025-07-31,277.06,285.4,267.26,274.29,4020174
CRWD,2025-08-01,274.63,285.77,264.02,273.45,6899785
CRWD,2025-08-04,276.04,285.06,266.82,274.44,5526772
CRWD,2025-08-05,273.94,285.6,265.8,275.95,6429842
CRWD,2025-08-06,276.62,284.31,272.33,279.2,7118023
CRWD,2025-08-07,280.16,292.6,270.47,281.15,5763498
CRWD,2025-08-08,280.62,294.6,267.79,279.63,4614604
CRWD,2025-08-11,276.23,299.3,264.4,284.95,5965880
CRWD,2025-08-12,284.07,291.34,273.23,279.31,3654481
CRWD,2025-08-13,283.06,299.29,273.92,288.34,6244629
CRWD,2025-08-14,290.05,300.18,284.52,293.59,6189208
CRWD,2025-08-15,295.89,298.86,285.86,288.32,6326452
CRWD,2025-08-18,289.87,299.2,277.91,285.73,4798006
CRWD,2025-08-19,285.39,302.51,278.89,294.61,6072702
CRWD,2025-08-20,293.49,308.65,283.87,297.19,5160225
CRWD,2025-08-21,296.08,308.64,284.88,295.53,5515996
CRWD,2025-08-22,296.67,303.65,291.94,298.06,7219407
CRWD,2025-08-25,294.95,311.2,286.89,301.51,5425131
CRWD,2025-08-26,299.86,311.82,292.57,303.16,6891347
CRWD,2025-08-27,306.96,315.84,293.54,300.94,5259017
CRWD,2025-08-28,296.87,311.02,284.71,296.73,4526993
CRWD,2025-08-29,294.78,310.28,286.71,300.6,6319421
CRWD,2025-09-01,303.9,319.72,284.75,297.94,6314980
CRWD,2025-09-02,296.91,308.18,290.62,300.7,5359890
CRWD,2025-09-03,302.44,314.65,290.11,300.42,6126307
CRWD,2025-09-04,296.32,307.66,289.83,299.93,6928344
CRWD,2025-09-05,298.78,314.99,291.05,305.69,8144629
CRWD,2025-09-08,305.53,319.24,290.26,301.77,7235610
CRWD,2025-09-09,303.42,311.62,292.38,299.25,3188950
CRWD,2025-09-10,297.4,316.2,287.95,304.81,5953644
CRWD,2025-09-11,307.38,313.71,301.2,306.56,5543483
CRWD,2025-09-12,302.04,313.02,296.2,306.06,5828896
CRWD,2025-09-15,301.25,317.11,291.25,305.2,7035702
CRWD,2025-09-16,302.04,316.3,294.67,307.48,6889249
CRWD,2025-09-17,308.58,319.39,299.39,308.57,5332450
CRWD,2025-09-18,305.52,319.65,297.76,310.37,6405119
CRWD,2025-09-19,310.57,323.36,300.5,311.49,4833431
CRWD,2025-09-22,309.53,322.9,302.41,314.4,4165417
CRWD,2025-09-23,311.31,322.7,303.11,313.0,4898948
CRWD,2025-09-24,310.88,330.89,300.87,318.82,4227661
CRWD,2025-09-25,319.79,331.3,307.79,317.5,6564195
CRWD,2025-09-26,318.28,335.8,307.79,323.27,5088385
CRWD,2025-09-29,319.99,335.79,309.27,323.06,6501652
CRWD,2025-09-30,322.77,343.8,308.69,327.03,5790428
CRWD,2025-10-01,331.74,341.51,311.91,319.92,4151624
CRWD,2025-10-02,320.05,335.86,313.46,327.92,5087462
CRWD,2025-10-03,327.35,338.08,314.93,323.96,4807830
CRWD,2025-10-06,321.68,334.42,314.54,325.91,5974121
CRWD,2025-10-07,325.76,332.34,320.69,326.36,3083254
CRWD,2025-10-08,325.6,337.08,316.22,326.04,3795251
CRWD,2025-10-09,321.84,334.71,311.84,322.89,7557902
CRWD,2025-10-10,324.92,331.95,317.15,323.09,4678858
CRWD,2025-10-13,322.81,328.94,315.44,320.62,3559008
CRWD,2025-10-14,320.29,334.22,309.73,321.74,4963066
CRWD,2025-10-15,320.16,331.71,306.57,316.28,5176825
CRWD,2025-10-16,314.04,324.83,308.83,318.62,5268317
CRWD,2025-10-17,321.22,332.5,310.98,320.54,5708790
CRWD,2025-10-20,323.93,329.28,316.25,320.76,5104866
CRWD,2025-10-21,323.8,337.43,306.02,317.37,5897915
CRWD,2025-10-22,316.03,329.63,305.89,317.64,5341535
CRWD,2025-10-23,316.28,326.72,305.75,314.58,3560194
CRWD,2025-10-24,312.66,326.4,303.53,315.56,5566274
CRWD,2025-10-27,315.56,332.26,303.24,317.67,5934693
CRWD,2025-10-28,315.42,324.95,304.35,312.38,4257224
CRWD,2025-10-29,314.23,326.2,298.49,308.48,4015366
CRWD,2025-10-30,310.53,318.28,305.64,312.49,5683880
CRWD,2025-10-31,307.01,323.11,299.31,313.86,4097920
CRWD,2025-11-03,315.39,325.99,302.82,311.73,2848892
CRWD,2025-11-04,308.71,319.31,302.0,311.35,5719704
CRWD,2025-11-05,315.01,326.9,303.79,313.86,5937599
CRWD,2025-11-06,312.16,323.56,302.82,312.55,4848750
CRWD,2025-11-07,310.12,327.74,302.79,318.87,4450037
CRWD,2025-11-10,319.91,333.1,310.14,321.54,4301029
CRWD,2025-11-11,320.31,324.46,315.75,319.26,5225945
CRWD,2025-11-12,319.03,328.89,305.83,314.09,5282308
CRWD,2025-11-13,312.97,325.56,307.13,318.57,4307164
CRWD,2025-11-14,317.78,328.36,306.85,315.79,4323605
CRWD,2025-11-17,314.78,324.62,309.85,318.74,4518426
CRWD,2025-11-18,314.73,323.41,308.08,315.56,5376960
CRWD,2025-11-19,315.95,329.52,307.98,320.01,4727042
CRWD,2025-11-20,322.09,328.49,313.4,318.79,5346872
CRWD,2025-11-21,317.14,327.88,306.42,315.5,4843612
CRWD,2025-11-24,314.27,327.93,305.13,317.08,4425492
CRWD,2025-11-25,314.31,323.66,307.22,315.28,3899230
CRWD,2025-11-26,315.61,327.17,308.81,319.08,3913552
CRWD,2025-11-27,319.92,331.13,299.76,308.97,4926579
CRWD,2025-11-28,308.32,327.22,297.84,314.65,4875775
CRWD,2025-12-01,315.23,322.98,309.79,316.55,5673882
CRWD,2025-12-02,316.23,327.67,302.62,312.22,4931901
CRWD,2025-12-03,310.53,318.13,305.34,311.99,5023732
CRWD,2025-12-04,310.96,320.02,306.01,314.13,6429656
CRWD,2025-12-05,316.45,320.14,308.75,311.85,3246106
CRWD,2025-12-08,308.43,323.98,299.86,313.72,7868967
CRWD,2025-12-09,311.05,322.38,303.61,313.55,6618917
CRWD,2025-12-10,312.43,330.47,301.3,317.18,6269888
CRWD,2025-12-11,317.11,329.69,303.07,313.65,6305090
CRWD,2025-12-12,310.48,328.88,302.69,319.45,4809794
CRWD,2025-12-15,319.52,330.92,314.21,324.58,4473477
CRWD,2025-12-16,324.71,334.81,315.57,324.14,6843684
CRWD,2025-12-17,324.64,340.92,312.23,326.26,6800872
CRWD,2025-12-18,328.93,333.04,328.16,332.13,4758196
CRWD,2025-12-19,333.24,342.51,328.0,336.29,5023042
CRWD,2025-12-22,337.91,348.61,323.1,332.03,5222488
CRWD,2025-12-23,336.17,348.84,328.42,339.62,6711955
CRWD,2025-12-24,339.5,350.41,324.13,333.23,5250239
CRWD,2025-12-25,331.22,347.43,323.03,337.62,4246283
CRWD,2025-12-26,339.1,354.29,329.8,343.21,5199448
CRWD,2025-12-29,345.17,352.49,337.66,343.85,3656445
CRWD,2025-12-30,344.9,351.1,339.41,344.68,4249628
CRWD,2025-12-31,345.08,361.93,333.21,347.85,4889613
CRWD,2026-01-01,345.62,361.4,332.14,345.55,4248162
CRWD,2026-01-02,347.66,361.3,337.22,348.97,4959488
CRWD,2026-01-05,348.63,356.63,339.03,345.77,5026426
CRWD,2026-01-06,345.39,354.11,338.22,345.67,4020783
CRWD,2026-01-07,347.44,356.27,334.84,342.23,6538867
CRWD,2026-01-08,341.85,370.17,324.93,349.81,6294588
CRWD,2026-01-09,346.42,352.66,340.11,345.4,4796520
CRWD,2026-01-12,344.34,356.38,339.85,351.0,4558156
CRWD,2026-01-13,351.04,356.86,346.21,351.17,5609833
CRWD,2026-01-14,351.76,359.34,341.44,347.82,6326974
CRWD,2026-01-15,348.03,363.63,335.69,349.08,6380676
CRWD,2026-01-16,348.54,360.28,339.75,349.89,6162262
CRWD,2026-01-19,350.84,356.08,344.9,349.34,6625118
CRWD,2026-01-20,347.93,362.57,334.03,346.43,5847966
CRWD,2026-01-21,344.81,367.03,335.66,355.93,7116020
CRWD,2026-01-22,354.01,359.24,346.64,351.05,5375491
CRWD,2026-01-23,354.23,372.01,340.25,355.5,6661520
CRWD,2026-01-26,350.07,366.38,341.47,356.08,5116592
CRWD,2026-01-27,355.63,364.83,349.38,357.43,5301865
CRWD,2026-01-28,354.38,377.77,338.28,358.6,5616292
CRWD,2026-01-29,357.26,369.04,351.4,362.05,6487557
CRWD,2026-01-30,363.57,378.97,345.07,357.96,5853197
CRWD,2026-02-02,356.75,373.64,349.41,364.8,4729772
CRWD,2026-02-03,363.74,377.48,351.68,363.35,4916303
CRWD,2026-02-04,364.09,378.08,351.95,363.84,4987358
CRWD,2026-02-05,366.4,379.31,352.23,363.11,5776159
CRWD,2026-02-06,363.04,376.65,352.9,364.66,4542560
CRWD,2026-02-09,362.46,379.07,352.11,366.74,6206550
CRWD,2026-02-10,366.14,379.32,350.22,361.28,5095386
CRWD,2026-02-11,359.24,370.49,349.68,359.24,5651970
CRWD,2026-02-12,357.46,372.31,349.71,363.05,4787560
CRWD,2026-02-13,363.53,371.41,358.27,365.18,5483562
CRWD,2026-02-16,365.87,378.01,350.89,361.07,4669271
CRWD,2026-02-17,361.8,372.42,355.46,364.9,4456787
CRWD,2026-02-18,367.0,373.77,357.59,363.29,4538354
CRWD,2026-02-19,361.78,375.69,350.27,362.14,3780778
CRWD,2026-02-20,360.6,368.27,354.23,360.77,6586400
CRWD,2026-02-23,360.05,369.49,347.79,355.72,5147689
CRWD,2026-02-24,357.93,361.98,351.78,355.19,4039682
CRWD,2026-02-25,355.75,364.7,342.68,350.17,3692403
CRWD,2026-02-26,348.38,359.77,333.56,343.1,5250504
CRWD,2026-02-27,347.94,356.65,343.36,351.22,3617933
CRWD,2026-03-02,348.16,362.28,335.03,346.99,4115888
CRWD,2026-03-03,343.19,361.7,331.82,348.12,4232093
CRWD,2026-03-04,350.92,362.59,331.5,341.15,4280006
CRWD,2026-03-05,343.34,364.71,331.95,351.01,6143896
CRWD,2026-03-06,349.96,359.81,339.67,347.99,6091053
CRWD,2026-03-09,350.78,362.59,337.34,347.28,4061567
CRWD,2026-03-10,344.66,352.3,339.54,346.25,3924884
CRWD,2026-03-11,345.74,354.93,339.93,348.06,5377173
CRWD,2026-03-12,341.59,357.09,334.77,348.89,4163372
CRWD,2026-03-13,350.42,363.11,338.79,349.56,3682370
CRWD,2026-03-16,350.13,357.54,343.04,349.33,4965499
CRWD,2026-03-17,346.26,365.49,336.72,354.0,5951696
CRWD,2026-03-18,359.2,374.16,342.14,354.7,3826002
CRWD,2026-03-19,353.37,367.28,346.69,359.29,4175983
CRWD,2026-03-20,354.77,363.69,344.83,352.36,5628574
CRWD,2026-03-23,358.03,370.7,346.33,357.06,4853412
CRWD,2026-03-24,358.79,364.55,351.5,356.36,3967759
CRWD,2026-03-25,358.42,371.0,349.6,360.56,4370112
CRWD,2026-03-26,362.78,367.45,355.75,359.7,5665602
CRWD,2026-03-27,357.59,375.88,346.47,362.6,4685989
CRWD,2026-03-30,364.5,380.53,351.89,365.64,3836319
CRWD,2026-03-31,367.85,381.11,348.99,360.02,5903158
CRWD,2026-04-01,358.66,376.89,345.67,361.49,5323910
CRWD,2026-04-02,360.34,375.04,345.05,357.45,4400978
CRWD,2026-04-03,359.8,370.68,349.93,359.16,4821320
CRWD,2026-04-06,359.33,374.21,346.83,359.49,4669050
CRWD,2026-04-07,361.0,379.37,349.66,365.85,4022511
CRWD,2026-04-08,368.28,384.98,342.33,356.05,5214446
CRWD,2026-04-09,357.09,367.64,350.1,359.37,5906284
CRWD,2026-04-10,355.4,372.06,345.55,360.32,6156405
CRWD,2026-04-13,358.53,371.74,347.44,358.69,4202609
CRWD,2026-04-14,360.39,369.43,355.0,363.03,4496641
CRWD,2026-04-15,361.36,374.93,351.48,363.25,3386097
CRWD,2026-04-16,367.19,379.74,354.48,365.08,4473691
CRWD,2026-04-17,369.0,380.43,354.68,364.27,5158673
CRWD,2026-04-20,365.02,388.0,350.6,370.77,5098205
CRWD,2026-04-21,367.92,379.72,357.8,367.83,5361830
CRWD,2026-04-22,367.76,381.25,359.96,371.96,4283999
CRWD,2026-04-23,367.42,391.89,356.23,378.34,4284790
CRWD,2026-04-24,376.59,396.54,365.03,382.73,6056770
CRWD,2026-04-27,379.87,390.45,369.59,378.54,4739678
CRWD,2026-04-28,379.92,393.77,373.07,385.59,4390576
CRWD,2026-04-29,386.76,396.58,377.54,385.88,4206305
CRWD,2026-04-30,385.85,400.79,378.5,392.01,4936938
CRWD,2026-05-01,395.63,407.3,381.43,391.25,5094287
CRWD,2026-05-04,389.92,405.17,384.42,398.55,5421337
CRWD,2026-05-05,401.47,418.86,385.14,399.87,7997914
CRWD,2026-05-06,399.02,412.24,382.04,393.11,4261815
CRWD,2026-05-07,398.35,414.57,382.83,396.55,6267739
CRWD,2026-05-08,398.25,410.17,386.06,396.14,2918393
CRWD,2026-05-11,399.7,414.73,386.35,399.11,5651797
CRWD,2026-05-12,396.73,412.41,380.51,393.74,5721032
CRWD,2026-05-13,394.31,402.57,387.41,394.45,4354265
CRWD,2026-05-14,394.2,415.71,384.08,403.53,4456004
CRWD,2026-05-15,408.57,419.59,391.9,401.1,5442689
CRWD,2026-05-18,401.85,420.46,386.37,402.22,4759845
CRWD,2026-05-19,401.69,409.3,389.93,396.32,6603318
CRWD,2026-05-20,397.53,410.54,384.46,395.46,5861824
CRWD,2026-05-21,400.63,412.7,387.78,397.98,5008593
CRWD,2026-05-22,396.32,419.51,382.47,402.95,6210408
CRWD,2026-05-25,404.35,414.45,389.92,398.38,6187673
CRWD,2026-05-26,400.1,412.99,387.75,398.66,5515648
CRWD,2026-05-27,400.02,416.15,388.11,402.07,5174933
CRWD,2026-05-28,401.16,407.07,394.64,399.64,6287734
CRWD,2026-05-29,399.33,417.8,383.69,399.39,3861478
CRWD,2026-06-01,399.88,415.58,387.34,400.8,4981612
CRWD,2026-06-02,402.19,415.83,387.94,399.45,6249911
CRWD,2026-06-03,398.78,406.54,398.54,406.25,5795383
CRWD,2026-06-04,406.53,416.36,393.31,401.56,4352884
CRWD,2026-06-05,403.07,417.18,388.58,400.49,7344975
CRWD,2026-06-08,398.17,423.58,383.76,406.28,5737610
CRWD,2026-06-09,404.83,422.89,392.45,408.2,6621289
CRWD,2026-06-10,406.66,425.48,388.41,404.31,5735564
CRWD,2026-06-11,400.72,417.51,393.82,409.22,6813714
CRWD,2026-06-12,407.59,424.27,396.48,411.09,5814093
CRWD,2026-06-15,410.76,427.44,382.71,396.4,5202997
CRWD,2026-06-16,393.23,405.87,390.18,402.21,5566085
CRWD,2026-06-17,401.44,427.13,386.74,409.49,4956520
CRWD,2026-06-18,412.51,424.23,394.88,404.66,7416604
CRWD,2026-06-19,401.82,424.39,392.48,413.09,6337895
CRWD,2026-06-22,416.62,433.0,394.02,407.64,4278266
CRWD,2026-06-23,410.83,423.61,394.44,405.16,3968669
CRWD,2026-06-24,403.53,415.74,393.97,404.48,4789826
CRWD,2026-06-25,408.28,423.12,389.16,401.57,6717259
CRWD,2026-06-26,399.02,405.2,393.88,399.15,6004090
CRWD,2026-06-29,399.25,415.9,385.85,400.1,6186103
CRWD,2026-06-30,400.55,417.0,387.3,401.39,5580832
CRWD,2026-07-01,401.98,422.16,374.57,391.27,6751613
CRWD,2026-07-02,388.3,402.02,383.02,395.68,6785612
CRWD,2026-07-03,394.44,406.24,382.03,392.0,4949394
XLE,2025-03-17,82.58,84.03,81.57,82.84,18849562
XLE,2025-03-18,82.79,84.33,81.6,82.94,14630545
XLE,2025-03-19,82.79,84.65,81.37,82.97,15706567
XLE,2025-03-20,82.74,84.79,81.24,83.02,17751117
XLE,2025-03-21,82.63,84.46,81.4,83.01,19993597
XLE,2025-03-24,83.36,84.86,82.36,83.68,13244109
XLE,2025-03-25,83.56,86.66,81.86,84.64,18691906
XLE,2025-03-26,83.88,85.68,82.32,83.84,9860743
XLE,2025-03-27,84.48,86.28,82.64,84.17,15177353
XLE,2025-03-28,84.2,86.25,82.75,84.53,14815527
XLE,2025-03-31,84.68,86.05,83.31,84.47,15448476
XLE,2025-04-01,84.98,85.51,83.15,83.59,16232063
XLE,2025-04-02,83.14,85.22,82.01,83.88,13969924
XLE,2025-04-03,84.72,85.92,82.25,83.26,15531079
XLE,2025-04-04,83.06,84.85,80.94,82.45,14381230
XLE,2025-04-07,82.24,85.54,80.37,83.32,17959145
XLE,2025-04-08,83.41,85.86,80.72,82.79,13871602
XLE,2025-04-09,82.53,83.58,81.34,82.23,18935203
XLE,2025-04-10,82.03,84.38,80.42,82.47,13720250
XLE,2025-04-11,81.89,83.44,81.0,82.39,16177273
XLE,2025-04-14,82.77,84.73,80.57,82.23,16300118
XLE,2025-04-15,82.45,82.71,81.52,81.74,15920368
XLE,2025-04-16,81.75,83.27,80.69,82.01,13301290
XLE,2025-04-17,82.3,84.17,80.61,82.2,20338455
XLE,2025-04-18,82.14,83.46,81.25,82.41,20008800
XLE,2025-04-21,82.31,83.48,81.12,82.11,11145957
XLE,2025-04-22,82.25,83.9,80.47,81.87,17016817
XLE,2025-04-23,81.94,84.15,80.57,82.53,16160364
XLE,2025-04-24,82.69,84.83,81.07,82.92,16860858
XLE,2025-04-25,82.98,84.15,81.33,82.31,16646556
XLE,2025-04-28,82.13,84.13,81.0,82.79,12608320
XLE,2025-04-29,83.48,84.47,82.19,83.03,16129593
XLE,2025-04-30,83.25,85.04,81.52,83.04,14242723
XLE,2025-05-01,83.06,84.42,81.94,83.1,7296763
XLE,2025-05-02,82.86,84.84,80.94,82.62,12140680
XLE,2025-05-05,82.66,85.45,80.51,82.91,11710056
XLE,2025-05-06,82.74,84.03,81.61,82.7,9050855
XLE,2025-05-07,82.42,83.2,81.0,81.66,15474859
XLE,2025-05-08,81.58,82.28,81.18,81.81,16109039
XLE,2025-05-09,82.12,83.35,80.42,81.46,16418308
XLE,2025-05-12,81.65,82.64,79.94,80.78,14710710
XLE,2025-05-13,80.84,81.85,79.68,80.54,11397486
XLE,2025-05-14,80.67,83.0,77.59,79.54,13871832
XLE,2025-05-15,79.61,81.06,78.83,80.15,13303349
XLE,2025-05-16,80.08,81.28,78.8,79.81,12303649
XLE,2025-05-19,79.8,80.91,78.62,79.56,17068430
XLE,2025-05-20,80.2,81.24,78.43,79.3,13043303
XLE,2025-05-21,79.43,81.02,76.98,78.31,12048368
XLE,2025-05-22,78.14,79.79,76.81,78.23,9860434
XLE,2025-05-23,78.9,80.36,77.41,78.65,13239460
XLE,2025-05-26,78.6,79.49,77.6,78.36,18586062
XLE,2025-05-27,78.33,79.48,76.69,77.65,18513233
XLE,2025-05-28,77.96,79.2,76.04,77.08,15209257
XLE,2025-05-29,76.98,79.08,76.0,77.91,13581134
XLE,2025-05-30,78.0,79.76,76.25,77.74,19241193
XLE,2025-06-02,77.08,80.6,75.19,78.33,16866933
XLE,2025-06-03,78.34,80.05,77.36,78.9,9489192
XLE,2025-06-04,79.26,80.15,77.56,78.31,16040387
XLE,2025-06-05,78.18,79.91,77.62,79.24,15505408
XLE,2025-06-06,79.39,80.35,78.23,79.03,16727556
XLE,2025-06-09,79.59,82.29,78.28,80.72,15687695
XLE,2025-06-10,80.49,81.41,79.4,80.18,13561775
XLE,2025-06-11,80.2,82.04,79.05,80.67,14181677
XLE,2025-06-12,81.45,83.07,79.07,80.43,12189191
XLE,2025-06-13,80.05,80.94,79.52,80.31,12167954
XLE,2025-06-16,80.49,82.25,79.44,81.0,13089438
XLE,2025-06-17,81.19,82.82,79.82,81.22,16046203
XLE,2025-06-18,81.21,83.56,80.06,82.19,11537782
XLE,2025-06-19,81.59,82.63,80.58,81.46,13057320
XLE,2025-06-20,81.2,83.61,80.1,82.29,14001555
XLE,2025-06-23,81.88,83.55,80.74,82.21,16329793
XLE,2025-06-24,82.05,83.78,80.56,82.04,16369126
XLE,2025-06-25,82.16,83.39,80.13,81.16,16740331
XLE,2025-06-26,81.38,82.44,80.9,81.88,18685126
XLE,2025-06-27,81.72,84.11,80.31,82.44,9218464
XLE,2025-06-30,82.3,82.96,81.7,82.27,15427794
XLE,2025-07-01,82.33,83.89,80.8,82.13,15998722
XLE,2025-07-02,81.73,83.66,79.92,81.56,12145307
XLE,2025-07-03,81.45,83.26,80.56,82.2,14363481
XLE,2025-07-04,81.75,84.19,80.18,82.34,18368293
XLE,2025-07-07,82.36,83.69,81.06,82.19,13461761
XLE,2025-07-08,82.15,83.72,81.3,82.71,16605748
XLE,2025-07-09,82.84,84.13,81.4,82.5,17605799
XLE,2025-07-10,82.69,84.43,80.8,82.27,22361698
XLE,2025-07-11,81.82,83.97,81.09,83.1,12938220
XLE,2025-07-14,83.03,84.14,82.42,83.42,15042125
XLE,2025-07-15,83.7,86.28,82.22,84.53,21615934
XLE,2025-07-16,84.81,86.69,83.14,84.74,15152108
XLE,2025-07-17,84.62,86.67,83.07,84.85,19394786
XLE,2025-07-18,84.22,85.9,83.52,85.07,13880979
XLE,2025-07-21,84.79,87.95,83.08,85.91,22378998
XLE,2025-07-22,86.02,88.28,84.65,86.66,22843858
XLE,2025-07-23,86.81,88.53,84.6,86.05,18097924
XLE,2025-07-24,86.17,88.56,84.42,86.49,19209252
XLE,2025-07-25,86.52,88.76,85.43,87.46,17807347
XLE,2025-07-28,86.89,89.09,85.47,87.4,17415256
XLE,2025-07-29,87.51,88.46,86.37,87.18,18478908
XLE,2025-07-30,87.24,89.37,85.99,87.89,18184191
XLE,2025-07-31,87.61,88.48,86.91,87.66,18443527
XLE,2025-08-01,86.91,88.75,85.43,87.01,23390156
XLE,2025-08-04,87.14,89.24,85.55,87.37,22028973
XLE,2025-08-05,87.73,90.25,84.95,87.08,14353638
XLE,2025-08-06,86.96,89.2,85.53,87.5,12060728
XLE,2025-08-07,87.5,89.01,85.54,86.82,20945137
XLE,2025-08-08,87.18,89.0,84.92,86.46,19074268
XLE,2025-08-11,86.48,88.07,84.64,85.99,19225901
XLE,2025-08-12,86.33,87.47,84.84,85.8,18239433
XLE,2025-08-13,85.77,87.34,83.4,84.71,20326331
XLE,2025-08-14,84.63,85.66,83.49,84.36,14028576
XLE,2025-08-15,84.17,86.46,82.73,84.76,16227629
XLE,2025-08-18,84.56,86.33,82.97,84.48,17148686
XLE,2025-08-19,84.71,87.11,81.9,83.92,22230415
XLE,2025-08-20,84.03,85.6,81.79,83.1,19857020
XLE,2025-08-21,83.52,84.78,82.22,83.29,12839743
XLE,2025-08-22,83.57,85.3,82.29,83.79,18200397
XLE,2025-08-25,83.97,85.08,82.62,83.56,14824787
XLE,2025-08-26,83.91,85.26,82.1,83.23,13959522
XLE,2025-08-27,83.14,84.72,81.79,83.13,14679153
XLE,2025-08-28,83.69,85.46,82.11,83.61,11766782
XLE,2025-08-29,83.69,85.79,81.73,83.51,25484687
XLE,2025-09-01,83.36,85.0,82.15,83.57,12023712
XLE,2025-09-02,83.75,85.38,82.14,83.51,16625162
XLE,2025-09-03,83.16,85.58,81.68,83.83,20904996
XLE,2025-09-04,84.27,85.85,82.59,83.93,15495698
XLE,2025-09-05,84.22,85.58,82.46,83.61,8469781
XLE,2025-09-08,83.05,86.51,81.35,84.48,19157372
XLE,2025-09-09,84.44,85.51,82.67,83.58,14534841
XLE,2025-09-10,83.16,85.09,82.06,83.79,20078090
XLE,2025-09-11,83.58,84.65,82.11,83.01,11511649
XLE,2025-09-12,83.08,84.07,82.22,83.06,16863763
XLE,2025-09-15,82.96,85.73,81.15,83.58,16606593
XLE,2025-09-16,83.74,84.54,82.59,83.27,14988222
XLE,2025-09-17,83.37,84.93,81.49,82.81,15789251
XLE,2025-09-18,82.85,83.74,81.43,82.18,8364788
XLE,2025-09-19,81.83,84.09,80.28,82.27,16794634
XLE,2025-09-22,82.63,84.17,80.17,81.46,15200747
XLE,2025-09-23,81.46,82.58,80.91,81.93,14997172
XLE,2025-09-24,81.72,82.84,79.34,80.28,11889118
XLE,2025-09-25,80.26,82.62,78.78,80.86,16468183
XLE,2025-09-26,80.56,82.02,79.26,80.51,14141851
XLE,2025-09-29,79.88,82.89,78.4,81.12,12613294
XLE,2025-09-30,81.3,82.34,79.6,80.47,16213536
XLE,2025-10-01,80.86,82.44,79.61,80.96,15558223
XLE,2025-10-02,80.75,82.3,79.71,81.07,11282438
XLE,2025-10-03,81.4,83.28,79.22,80.8,12871103
XLE,2025-10-06,80.82,81.9,79.29,80.2,10741571
XLE,2025-10-07,80.04,81.62,79.31,80.76,9124678
XLE,2025-10-08,80.85,82.09,80.04,81.14,13892182
XLE,2025-10-09,80.3,83.24,79.11,81.82,12236419
XLE,2025-10-10,81.62,83.96,80.13,82.2,13655833
XLE,2025-10-13,82.29,83.71,80.78,81.98,15162667
XLE,2025-10-14,81.73,84.62,80.56,83.22,13364464
XLE,2025-10-15,83.45,84.61,82.01,83.0,15843413
XLE,2025-10-16,83.17,84.86,82.18,83.7,15783866
XLE,2025-10-17,83.57,85.52,82.61,84.38,11957256
XLE,2025-10-20,84.03,86.22,82.7,84.65,13493379
XLE,2025-10-21,84.55,87.53,83.02,85.7,16234273
XLE,2025-10-22,85.74,86.48,85.24,85.89,15264514
XLE,2025-10-23,85.24,86.29,84.35,85.24,13664096
XLE,2025-10-24,85.75,86.1,85.29,85.58,10220222
XLE,2025-10-27,85.34,88.45,83.85,86.68,9994362
XLE,2025-10-28,86.41,88.44,84.7,86.43,16453091
XLE,2025-10-29,86.23,88.67,84.6,86.75,14469549
XLE,2025-10-30,86.44,87.72,85.47,86.58,12690797
XLE,2025-10-31,86.22,88.77,84.8,87.09,16979388
XLE,2025-11-03,86.6,88.68,85.1,86.91,11718334
XLE,2025-11-04,86.89,88.51,85.52,86.9,17145482
XLE,2025-11-05,86.9,88.48,84.97,86.3,18844048
XLE,2025-11-06,86.85,88.79,85.13,86.78,16623741
XLE,2025-11-07,86.95,89.16,84.03,85.89,16676787
XLE,2025-11-10,85.66,87.94,84.39,86.43,15897683
XLE,2025-11-11,85.96,87.5,84.95,86.3,19469421
XLE,2025-11-12,85.92,87.99,84.49,86.3,15813932
XLE,2025-11-13,86.63,87.74,85.39,86.33,12951547
XLE,2025-11-14,86.35,87.53,85.04,86.04,19365828
XLE,2025-11-17,86.1,89.36,84.54,87.5,12502713
XLE,2025-11-18,87.7,90.31,84.92,87.13,15173055
XLE,2025-11-19,86.75,89.38,85.07,87.39,14098849
XLE,2025-11-20,86.95,88.91,86.14,87.94,12207828
XLE,2025-11-21,88.12,89.56,87.18,88.46,13158074
XLE,2025-11-24,88.33,90.58,86.9,88.88,18202120
XLE,2025-11-25,89.31,90.66,87.34,88.48,18665025
XLE,2025-11-26,88.21,91.33,86.28,89.04,17638986
XLE,2025-11-27,89.13,89.9,88.23,88.88,18753207
XLE,2025-11-28,88.72,91.04,87.69,89.81,13671559
XLE,2025-12-01,89.59,91.48,88.11,89.74,17366583
XLE,2025-12-02,89.75,92.68,87.72,90.27,12565362
XLE,2025-12-03,90.37,91.28,89.59,90.35,17940933
XLE,2025-12-04,90.56,92.15,89.04,90.39,17856413
XLE,2025-12-05,90.6,92.35,88.79,90.28,12344039
XLE,2025-12-08,90.58,92.94,88.02,90.01,19850028
XLE,2025-12-09,89.92,92.36,87.26,89.32,17315513
XLE,2025-12-10,89.73,91.59,88.17,89.75,20963246
XLE,2025-12-11,89.19,91.18,88.22,90.03,18277174
XLE,2025-12-12,89.95,91.3,87.71,88.85,21292520
XLE,2025-12-15,88.65,90.29,86.99,88.38,17946941
XLE,2025-12-16,88.3,88.93,87.94,88.5,11207041
XLE,2025-12-17,88.41,91.01,86.28,88.5,14706149
XLE,2025-12-18,88.49,90.94,84.93,86.98,17050059
XLE,2025-12-19,87.15,88.77,84.65,86.01,14407605
XLE,2025-12-22,85.72,87.53,84.68,86.3,16969901
XLE,2025-12-23,86.05,87.42,85.0,86.19,17811259
XLE,2025-12-24,86.59,89.11,83.6,85.73,14850701
XLE,2025-12-25,85.82,86.84,84.51,85.37,15144148
XLE,2025-12-26,84.79,87.2,82.93,85.0,15741571
XLE,2025-12-29,85.32,86.29,83.91,84.73,9853188
XLE,2025-12-30,85.29,86.02,83.89,84.5,13873298
XLE,2025-12-31,84.9,86.37,83.6,84.85,16464681
XLE,2026-01-01,85.29,86.61,83.77,84.88,19473378
XLE,2026-01-02,84.47,86.53,82.31,84.05,15296809
XLE,2026-01-05,84.11,86.43,83.17,85.31,14488080
XLE,2026-01-06,85.22,87.06,83.38,84.95,16195722
XLE,2026-01-07,85.01,86.32,83.97,85.09,20935502
XLE,2026-01-08,84.61,85.59,84.02,84.89,21159696
XLE,2026-01-09,84.18,87.43,82.33,85.23,16774769
XLE,2026-01-12,85.37,86.96,83.48,84.82,14785353
XLE,2026-01-13,84.99,88.34,83.0,85.98,20387055
XLE,2026-01-14,85.74,88.02,84.04,86.01,13143032
XLE,2026-01-15,85.93,87.45,84.15,85.43,20310012
XLE,2026-01-16,84.97,86.94,83.35,85.04,15302155
XLE,2026-01-19,84.49,87.31,82.91,85.43,15225029
XLE,2026-01-20,84.76,87.54,83.24,85.73,11411225
XLE,2026-01-21,85.61,86.55,84.47,85.27,13928947
XLE,2026-01-22,85.63,87.36,83.54,84.99,11824502
XLE,2026-01-23,84.92,86.69,83.67,85.22,20091083
XLE,2026-01-26,85.37,86.28,83.89,84.65,12331097
XLE,2026-01-27,84.87,87.1,83.36,85.32,14250720
XLE,2026-01-28,85.11,86.77,83.56,84.98,16719201
XLE,2026-01-29,84.1,85.99,83.0,84.68,18144435
XLE,2026-01-30,84.19,86.0,82.46,83.99,12183153
XLE,2026-02-02,84.06,85.24,83.17,84.19,11080139
XLE,2026-02-03,84.26,85.81,83.09,84.43,19784549
XLE,2026-02-04,84.7,85.44,82.53,83.14,16350918
XLE,2026-02-05,83.46,85.81,81.95,84.01,20488250
XLE,2026-02-06,84.65,85.77,83.57,84.52,16324412
XLE,2026-02-09,85.32,87.33,83.1,84.8,13337880
XLE,2026-02-10,84.29,85.03,83.29,83.92,16860752
XLE,2026-02-11,83.88,85.99,82.75,84.64,13428527
XLE,2026-02-12,84.35,86.96,82.91,85.24,14833866
XLE,2026-02-13,85.39,86.4,84.78,85.68,19600622
XLE,2026-02-16,86.07,88.0,83.29,84.91,9267406
XLE,2026-02-17,85.21,86.11,84.52,85.3,15798374
XLE,2026-02-18,85.69,88.59,84.05,86.65,16497435
XLE,2026-02-19,87.27,88.85,85.96,87.3,12407952
XLE,2026-02-20,87.12,89.07,85.86,87.58,16630673
XLE,2026-02-23,87.22,89.88,85.65,88.02,14320419
XLE,2026-02-24,87.86,90.25,86.96,89.17,13107247
XLE,2026-02-25,89.28,91.16,88.07,89.73,16202694
XLE,2026-02-26,89.17,90.16,88.47,89.34,11559757
XLE,2026-02-27,89.72,91.49,88.49,90.04,14259407
XLE,2026-03-02,90.25,92.08,88.29,89.84,12762984
XLE,2026-03-03,89.34,92.69,88.2,91.32,10206652
XLE,2026-03-04,91.29,92.47,89.25,90.24,14773624
XLE,2026-03-05,90.31,91.9,89.16,90.54,15619112
XLE,2026-03-06,91.54,92.21,90.16,90.72,20106039
XLE,2026-03-09,90.37,91.59,89.62,90.7,11556692
XLE,2026-03-10,90.96,93.31,89.57,91.66,12403011
XLE,2026-03-11,91.45,93.24,90.45,92.05,15438556
XLE,2026-03-12,92.5,93.94,89.91,91.12,12244204
XLE,2026-03-13,90.98,91.43,90.39,90.77,13816020
XLE,2026-03-16,90.9,92.46,89.75,91.09,12692062
XLE,2026-03-17,91.49,93.19,88.88,90.3,14948508
XLE,2026-03-18,90.48,92.73,89.12,91.12,17300207
XLE,2026-03-19,90.63,92.15,89.18,90.46,8255586
XLE,2026-03-20,90.31,93.06,88.22,90.58,10796833
XLE,2026-03-23,90.19,91.68,88.83,90.09,16265779
XLE,2026-03-24,90.33,91.6,89.21,90.29,18430460
XLE,2026-03-25,90.27,92.33,88.0,89.74,18221846
XLE,2026-03-26,89.4,91.32,88.71,90.49,15579006
XLE,2026-03-27,90.56,92.52,89.24,90.96,14949402
XLE,2026-03-30,90.93,93.2,88.06,89.97,6558884
XLE,2026-03-31,90.42,92.14,89.02,90.49,14049223
XLE,2026-04-01,90.14,93.01,88.36,90.89,11426798
XLE,2026-04-02,90.93,93.24,89.17,91.16,10189217
XLE,2026-04-03,91.27,93.14,89.83,91.44,15704930
XLE,2026-04-06,91.28,93.47,89.73,91.64,17400116
XLE,2026-04-07,91.54,94.49,89.38,91.94,11722926
XLE,2026-04-08,91.7,94.07,89.89,91.94,14240261
XLE,2026-04-09,91.6,92.94,90.2,91.33,18963728
XLE,2026-04-10,91.62,93.32,90.68,92.21,9933117
XLE,2026-04-13,92.74,94.43,91.13,92.56,13926523
XLE,2026-04-14,92.23,92.8,91.6,92.08,11555395
XLE,2026-04-15,92.19,93.51,89.98,91.09,19768205
XLE,2026-04-16,91.42,92.99,90.34,91.72,12780896
XLE,2026-04-17,92.19,93.56,90.39,91.56,22775741
XLE,2026-04-20,91.59,92.49,89.87,90.63,9821309
XLE,2026-04-21,90.37,92.91,88.49,90.7,14919980
XLE,2026-04-22,89.81,92.01,88.77,90.77,14885082
XLE,2026-04-23,91.26,93.01,88.99,90.47,15368736
XLE,2026-04-24,90.57,93.15,87.23,89.39,18912116
XLE,2026-04-27,89.14,90.96,87.53,89.08,19225971
XLE,2026-04-28,89.89,91.54,86.96,88.34,15123261
XLE,2026-04-29,88.46,89.74,86.72,87.8,16580243
XLE,2026-04-30,87.52,89.59,86.25,88.09,11969218
XLE,2026-05-01,88.38,90.24,85.98,87.55,11458571
XLE,2026-05-04,87.8,89.03,86.05,87.08,20544956
XLE,2026-05-05,87.42,89.39,84.71,86.36,18203656
XLE,2026-05-06,86.01,87.47,85.56,86.94,16926612
XLE,2026-05-07,86.51,88.18,85.19,86.63,12145664
XLE,2026-05-08,86.89,88.59,84.21,85.64,12817597
XLE,2026-05-11,85.32,88.22,83.93,86.56,19374373
XLE,2026-05-12,86.64,87.79,85.28,86.25,17255044
XLE,2026-05-13,86.18,87.62,85.14,86.4,12552671
XLE,2026-05-14,86.42,87.51,84.74,85.66,16474091
XLE,2026-05-15,84.98,87.9,83.45,86.07,15194810
XLE,2026-05-18,86.09,89.41,84.29,87.26,21677227
XLE,2026-05-19,87.48,88.5,85.95,86.8,16701826
XLE,2026-05-20,86.9,89.28,85.55,87.68,17427205
XLE,2026-05-21,87.96,89.74,85.56,87.07,20752333
XLE,2026-05-22,87.35,88.51,86.25,87.24,16056313
XLE,2026-05-25,87.23,90.49,85.82,88.8,15535712
XLE,2026-05-26,88.79,90.14,87.43,88.57,15409098
XLE,2026-05-27,88.72,90.63,86.68,88.3,22488365
XLE,2026-05-28,88.65,89.97,87.43,88.54,20943059
XLE,2026-05-29,88.05,89.92,86.62,88.23,15318427
XLE,2026-06-01,88.04,91.1,86.01,88.69,15728617
XLE,2026-06-02,88.77,90.79,87.27,89.01,16916997
XLE,2026-06-03,88.54,90.19,86.94,88.33,15922412
XLE,2026-06-04,88.3,90.12,87.04,88.64,18326871
XLE,2026-06-05,88.78,89.58,87.02,87.69,17568121
XLE,2026-06-08,88.29,89.63,87.77,89.01,14047264
XLE,2026-06-09,88.77,89.36,88.13,88.62,11273692
XLE,2026-06-10,88.29,90.31,86.44,88.15,15652547
XLE,2026-06-11,87.83,89.41,86.64,88.0,18175829
XLE,2026-06-12,88.17,90.23,86.89,88.71,24561347
XLE,2026-06-15,88.8,90.51,86.57,88.0,14998937
XLE,2026-06-16,87.7,89.42,86.89,88.46,12680866
XLE,2026-06-17,88.65,90.22,87.01,88.34,14578989
XLE,2026-06-18,88.22,90.3,86.54,88.32,15760685
XLE,2026-06-19,88.33,91.04,86.95,89.39,17752346
XLE,2026-06-22,89.13,89.51,88.82,89.14,10521929
XLE,2026-06-23,89.27,91.14,88.21,89.89,15139228
XLE,2026-06-24,89.29,91.15,88.33,90.0,16393343
XLE,2026-06-25,90.02,91.59,89.15,90.57,12644552
XLE,2026-06-26,91.25,92.67,89.85,91.06,15562659
XLE,2026-06-29,90.58,92.56,89.59,91.38,14997356
XLE,2026-06-30,90.97,94.1,89.63,92.49,12428989
XLE,2026-07-01,92.22,93.85,91.23,92.67,10941718
XLE,2026-07-02,92.1,95.22,90.73,93.58,12635838
XLE,2026-07-03,93.51,95.52,92.23,94.0,16343289
