date,symbol,open,high,low,close,volume
2025-03-17,SPY,519.6156,521.4012,517.9385,519.724,81317853
2025-03-18,SPY,519.938,522.518,517.0342,519.6142,72593962
2025-03-19,SPY,519.4837,521.1205,517.6208,519.2576,85472028
2025-03-20,SPY,521.6811,524.0473,520.0381,522.4043,65868038
2025-03-21,SPY,524.1045,526.5785,521.5896,524.0636,74043090
2025-03-24,SPY,526.6421,529.5367,524.0559,526.9506,79413262
2025-03-25,SPY,531.679,533.4407,529.5421,531.3038,77233921
2025-03-26,SPY,536.0004,538.389,533.0413,535.4299,61369316
2025-03-27,SPY,525.1214,528.0218,523.1244,526.0247,82884110
2025-03-28,SPY,530.6793,533.1165,527.4002,529.8375,65980174
2025-03-31,SPY,530.9043,532.7014,528.9933,530.7904,82367726
2025-04-01,SPY,535.3748,537.2245,532.8734,534.7232,79306428
2025-04-02,SPY,533.2317,535.8056,531.1281,533.702,79493937
2025-04-03,SPY,533.46,537.5215,530.2192,534.2807,65110128
2025-04-04,SPY,539.5398,542.1628,536.4057,539.0287,82522356
2025-04-07,SPY,545.1054,548.2708,543.3982,546.5636,70211311
2025-04-08,SPY,552.3814,555.085,549.643,552.3466,77279136
2025-04-09,SPY,553.6197,555.804,550.8332,553.0175,95892676
2025-04-10,SPY,557.0604,559.7668,554.9414,557.6478,67515770
2025-04-11,SPY,563.7081,565.8932,561.5973,563.7824,81743723
2025-04-14,SPY,561.0282,564.8777,559.1223,562.9718,65257692
2025-04-15,SPY,564.1487,566.1446,560.8933,562.8891,74833798
2025-04-16,SPY,567.524,569.348,564.5481,566.372,83040196
2025-04-17,SPY,570.9563,573.4225,567.5245,569.9908,78429424
2025-04-18,SPY,579.8817,581.6377,576.0099,577.7659,71770112
2025-04-21,SPY,586.7198,589.1389,584.8692,587.2883,64843969
2025-04-22,SPY,590.2388,593.1078,586.4678,589.3367,81199954
2025-04-23,SPY,582.2115,584.499,579.3178,581.6053,70050663
2025-04-24,SPY,583.5251,585.2718,579.8973,581.644,65504093
2025-04-25,SPY,582.103,585.3794,579.314,582.5904,71721736
2025-04-28,SPY,586.1088,588.8209,583.1551,585.8672,64113441
2025-04-29,SPY,595.1875,596.9679,590.8697,592.6501,77527564
2025-04-30,SPY,601.5327,604.5047,598.6985,601.6705,77908310
2025-05-01,SPY,613.6993,616.8884,609.3724,612.5615,80322186
2025-05-02,SPY,622.7494,625.1997,620.2383,622.6886,70305153
2025-05-05,SPY,619.7777,622.0196,617.7587,620.0006,93182406
2025-05-06,SPY,618.4655,622.412,616.3438,620.2903,71440836
2025-05-07,SPY,626.3317,628.8811,622.0862,624.6357,74602666
2025-05-08,SPY,623.1502,625.3919,620.305,622.5467,79424925
2025-05-09,SPY,622.5016,625.2947,619.606,622.3991,81298421
2025-05-12,SPY,631.7892,634.1885,629.0507,631.45,94375157
2025-05-13,SPY,635.8629,638.017,633.5753,635.7294,88344918
2025-05-14,SPY,640.8467,643.2008,637.059,639.4132,70384272
2025-05-15,SPY,634.508,636.6599,632.0828,634.2348,69527908
2025-05-16,SPY,640.2191,643.8514,637.7833,641.4157,79663965
2025-05-19,SPY,644.0459,647.229,640.3163,643.4994,74593068
2025-05-20,SPY,643.4778,645.8478,640.5196,642.8895,69802165
2025-05-21,SPY,646.8837,650.5555,644.0775,647.7492,78428010
2025-05-22,SPY,648.382,654.5411,644.4949,650.654,81257555
2025-05-23,SPY,654.3234,656.3651,649.957,651.9987,74922841
2025-05-26,SPY,666.1694,668.5529,663.3483,665.7318,70582372
2025-05-27,SPY,664.6881,667.0901,662.6384,665.0405,76822424
2025-05-28,SPY,657.0089,660.9137,653.31,657.2147,90686149
2025-05-29,SPY,658.6946,660.9105,652.593,654.8088,67172437
2025-05-30,SPY,650.5022,652.9182,647.5104,649.9264,81240060
2025-06-02,SPY,656.5894,660.7657,654.3915,658.5679,71084731
2025-06-03,SPY,664.5331,669.389,662.1245,666.9804,74684536
2025-06-04,SPY,676.9017,680.8175,672.2736,676.1895,77783720
2025-06-05,SPY,672.0986,674.8585,669.2796,672.0395,79528779
2025-06-06,SPY,675.5193,679.4374,673.0635,676.9815,67999963
2025-06-09,SPY,670.1092,675.6146,667.5218,673.0272,72000497
2025-06-10,SPY,677.1825,680.5664,673.7081,677.092,84011555
2025-06-11,SPY,675.8966,679.4438,673.2051,676.7523,88746022
2025-06-12,SPY,687.6308,690.118,680.8764,683.3637,74708927
2025-06-13,SPY,687.7131,690.3411,685.3713,687.9993,95845542
2025-06-16,SPY,696.5898,700.4843,693.218,697.1125,78855028
2025-06-17,SPY,699.4628,705.784,696.1123,702.4335,57842697
2025-06-18,SPY,703.6165,705.8212,700.9566,703.1614,68072926
2025-06-19,SPY,698.1047,702.0502,693.7286,697.6741,78330485
2025-06-20,SPY,703.4451,706.5382,700.6037,703.6968,87143348
2025-06-23,SPY,702.9874,706.3956,700.2661,703.6743,69736695
2025-06-24,SPY,693.129,695.3496,690.5839,692.8044,71739607
2025-06-25,SPY,691.7307,694.1357,687.1061,689.5111,75344296
2025-06-26,SPY,687.0751,689.7599,684.4801,687.1649,63617109
2025-06-27,SPY,689.0382,691.1533,684.548,686.6631,83491263
2025-06-30,SPY,692.8676,695.5911,689.2748,691.9983,64745557
2025-07-01,SPY,692.4969,695.9551,690.0353,693.4934,92994418
2025-07-02,SPY,696.9085,700.7357,692.3597,696.1868,71333293
2025-07-03,SPY,696.3122,698.825,693.29,695.8027,56647637
2025-07-04,SPY,690.9174,693.684,686.4691,689.2358,92128375
2025-07-07,SPY,698.9183,702.8949,693.9347,697.9113,57753388
2025-07-08,SPY,704.0663,707.9273,701.7149,705.576,93089108
2025-07-09,SPY,708.4563,712.338,704.1849,708.0666,68419740
2025-07-10,SPY,709.4346,711.9895,705.0574,707.6123,62190422
2025-07-11,SPY,707.0319,711.9404,703.2214,708.1299,76895838
2025-07-14,SPY,708.7756,711.5402,705.151,707.9156,75873452
2025-07-15,SPY,702.5431,706.2699,697.7751,701.5019,73496037
2025-07-16,SPY,698.2581,701.0652,693.8431,696.6502,73681695
2025-07-17,SPY,698.2578,700.519,695.1905,697.4517,73956187
2025-07-18,SPY,700.8312,703.0987,697.4752,699.7427,81051456
2025-07-21,SPY,696.0911,700.1992,693.2123,697.3203,68333368
2025-07-22,SPY,690.2113,693.1269,687.3561,690.2717,89130908
2025-07-23,SPY,698.0686,702.2232,695.9461,700.1007,71566918
2025-07-24,SPY,697.2909,701.0743,693.8352,697.6186,77582516
2025-07-25,SPY,692.0674,695.8316,689.2893,693.0534,91080153
2025-07-28,SPY,689.517,692.821,686.6954,689.9994,83589093
2025-07-29,SPY,685.1038,687.589,681.6849,684.1701,81742060
2025-07-30,SPY,690.4827,693.0476,686.4545,689.0193,67864317
2025-07-31,SPY,685.6148,688.7432,681.4309,684.5593,75018877
2025-08-01,SPY,675.1922,678.5175,672.6659,675.9912,66685036
2025-08-04,SPY,667.5695,672.4625,665.3419,670.235,78246868
2025-08-05,SPY,669.9158,672.4346,666.0971,668.6159,80502963
2025-08-06,SPY,663.914,666.4862,660.4775,663.0498,61355337
2025-08-07,SPY,658.9444,661.4666,656.3358,658.858,76900138
2025-08-08,SPY,656.7718,659.7191,653.5437,656.491,72165069
2025-08-11,SPY,648.6096,651.1674,645.4102,647.968,88057285
2025-08-12,SPY,641.7211,643.7393,639.7735,641.7917,74211502
2025-08-13,SPY,640.3008,643.6574,635.9553,639.3119,80878852
2025-08-14,SPY,641.8234,646.0302,638.0006,642.2074,74674711
2025-08-15,SPY,637.6423,643.2688,634.0925,639.7189,79371911
2025-08-18,SPY,627.7545,634.1677,623.729,630.1422,62564082
2025-08-19,SPY,632.4539,635.343,629.8346,632.7237,64528385
2025-08-20,SPY,634.7231,637.5383,630.3436,633.1588,66062051
2025-08-21,SPY,627.1121,629.0944,625.1008,627.083,87822210
2025-08-22,SPY,624.5991,628.123,621.7321,625.256,69844944
2025-08-25,SPY,626.1617,628.4963,623.9673,626.3019,82826464
2025-08-26,SPY,621.7092,623.6848,619.5229,621.4986,88753631
2025-08-27,SPY,617.5649,620.9195,615.4236,618.7783,81174469
2025-08-28,SPY,611.658,615.9652,609.5396,613.8467,84388682
2025-08-29,SPY,606.781,609.2156,603.1444,605.579,62989763
2025-09-01,SPY,602.0369,605.0345,600.1687,603.1662,87086397
2025-09-02,SPY,606.3102,611.3591,602.9131,607.962,82274089
2025-09-03,SPY,600.2304,602.3367,597.9782,600.0846,81226650
2025-09-04,SPY,596.3668,599.1029,594.5004,597.2366,86631254
2025-09-05,SPY,592.6857,595.2991,590.6414,593.2548,75956911
2025-09-08,SPY,589.7069,592.7285,587.8085,590.83,82167715
2025-09-09,SPY,596.3223,598.2988,593.528,595.5046,82542610
2025-09-10,SPY,598.3658,600.3983,596.0952,598.1278,82776065
2025-09-11,SPY,597.0216,599.5757,594.4408,596.9949,58004261
2025-09-12,SPY,596.9994,599.1094,593.5091,595.6191,76361495
2025-09-15,SPY,597.363,600.3075,595.567,598.5115,62297582
2025-09-16,SPY,593.6994,596.5417,590.1526,592.9948,73131467
2025-09-17,SPY,595.6399,597.4807,592.6355,594.4762,84541735
2025-09-18,SPY,590.0519,592.6266,588.0673,590.642,60408191
2025-09-19,SPY,592.7777,595.4881,590.0745,592.7849,70561270
2025-09-22,SPY,597.0874,600.7152,593.261,596.8888,76289555
2025-09-23,SPY,594.7705,597.6359,590.8245,593.6899,72649584
2025-09-24,SPY,592.2039,594.8533,590.1237,592.7731,63226200
2025-09-25,SPY,599.3845,601.9874,595.8858,598.4888,65150976
2025-09-26,SPY,607.733,611.1344,604.1173,607.5187,66862014
2025-09-29,SPY,602.3392,605.5136,600.1976,603.3721,74692102
2025-09-30,SPY,610.5046,613.5321,605.1897,608.2172,89100375
2025-10-01,SPY,602.2899,605.5361,599.364,602.6101,65719711
2025-10-02,SPY,601.3134,605.4141,597.4707,601.5714,91225708
2025-10-03,SPY,595.1371,598.8083,593.1328,596.804,80744137
2025-10-06,SPY,596.4118,599.7189,592.8734,596.1805,71650380
2025-10-07,SPY,597.6376,601.3377,595.4421,599.1422,77717529
2025-10-08,SPY,599.3985,601.3262,597.0492,598.9769,70407122
2025-10-09,SPY,600.3576,604.7842,597.1807,601.6072,90636829
2025-10-10,SPY,604.1042,606.5134,598.9581,601.3673,76395194
2025-10-13,SPY,606.6009,610.997,604.1224,608.5184,76087376
2025-10-14,SPY,605.2006,610.1087,602.3095,607.2177,75920612
2025-10-15,SPY,610.7632,613.2603,608.6165,611.1136,67813347
2025-10-16,SPY,606.7409,610.1851,604.4742,607.9184,73170528
2025-10-17,SPY,608.98,611.7893,606.4358,609.2451,68157119
2025-10-20,SPY,610.9709,613.2097,608.5281,610.7669,79249357
2025-10-21,SPY,605.1655,607.2806,602.7364,604.8516,80770462
2025-10-22,SPY,600.697,602.6202,597.418,599.3413,73392503
2025-10-23,SPY,601.0157,603.1731,598.58,600.7374,81071736
2025-10-24,SPY,602.1017,604.916,600.1721,602.9864,73466059
2025-10-27,SPY,610.4842,612.6729,608.4885,610.6772,70576469
2025-10-28,SPY,617.4763,620.017,613.8832,616.4239,66567239
2025-10-29,SPY,613.934,615.9413,611.777,613.7842,77678015
2025-10-30,SPY,621.5175,623.7167,618.8025,621.0017,66811644
2025-10-31,SPY,629.9353,632.3455,626.8919,629.3022,76690906
2025-11-03,SPY,628.7333,630.8876,625.988,628.1423,74827342
2025-11-04,SPY,631.5581,634.5789,628.3229,631.3437,68772653
2025-11-05,SPY,626.7279,630.9315,624.7134,628.9171,81287129
2025-11-06,SPY,634.5106,637.6468,632.559,635.6951,66491680
2025-11-07,SPY,638.0421,641.9846,633.8837,637.8262,80979888
2025-11-10,SPY,639.4716,641.8041,636.9209,639.2535,78155796
2025-11-11,SPY,646.641,649.4365,644.683,647.4784,70848614
2025-11-12,SPY,651.0373,654.7133,647.7525,651.4285,65527260
2025-11-13,SPY,650.7089,654.4491,646.5666,650.3068,62748081
2025-11-14,SPY,646.0963,651.075,642.4747,647.4535,80115730
2025-11-17,SPY,644.4835,647.8958,640.8558,644.2681,71929458
2025-11-18,SPY,649.5408,652.1312,646.9608,649.5512,63320152
2025-11-19,SPY,651.4788,654.5765,649.094,652.1917,62062848
2025-11-20,SPY,660.3522,663.2021,658.0095,660.8593,75143660
2025-11-21,SPY,668.8784,671.536,666.6389,669.2966,81139200
2025-11-24,SPY,684.3151,687.6103,680.1576,683.4528,64899475
2025-11-25,SPY,705.6443,709.3659,702.415,706.1365,68700997
2025-11-26,SPY,716.391,720.8642,713.8398,718.3131,77408284
2025-11-27,SPY,723.2115,727.3475,720.7339,724.8699,68474699
2025-11-28,SPY,725.413,728.3209,723.213,726.1209,81616983
2025-12-01,SPY,723.5515,728.3761,719.7313,724.556,87140015
2025-12-02,SPY,725.6804,730.0829,720.6098,725.0123,64520165
2025-12-03,SPY,722.4145,726.4165,720.0112,724.0132,96371207
2025-12-04,SPY,724.1005,726.9122,719.3117,722.1235,74017196
2025-12-05,SPY,720.6536,723.0722,717.7459,720.1645,82881768
2025-12-08,SPY,723.9005,727.4023,720.3413,723.8431,68939776
2025-12-09,SPY,713.4,718.1222,710.5992,715.3213,80281689
2025-12-10,SPY,728.1958,732.9447,724.2305,728.9793,70793450
2025-12-11,SPY,735.3864,739.1972,732.1533,735.9642,73716276
2025-12-12,SPY,750.6357,753.6793,748.2758,751.3194,76079225
2025-12-15,SPY,757.3895,761.0317,754.1002,757.7424,64502754
2025-12-16,SPY,760.3112,764.4593,755.1071,759.2553,74167110
2025-12-17,SPY,758.4389,761.0191,754.3674,756.9476,69944818
2025-12-18,SPY,767.6618,771.7685,763.9728,768.0795,90684878
2025-12-19,SPY,756.7122,762.8106,753.2497,759.3481,74189281
2025-12-22,SPY,756.5582,764.1662,753.4516,761.0597,57739711
2025-12-23,SPY,759.1424,762.734,756.8243,760.4159,73012197
2025-12-24,SPY,754.9183,758.7853,752.2517,756.1188,77196191
2025-12-25,SPY,760.8118,765.4672,757.0939,761.7493,72138073
2025-12-26,SPY,764.1735,766.8366,761.5849,764.248,60940391
2025-12-29,SPY,767.1044,771.7118,763.8758,768.4833,60706864
2025-12-30,SPY,778.8333,781.3082,774.6834,777.1583,77450715
2025-12-31,SPY,770.1916,773.5928,765.6974,769.0986,68108855
2026-01-01,SPY,764.2665,766.9937,761.793,764.5202,65893193
2026-01-02,SPY,760.4996,766.9834,757.7271,764.2108,79523971
2026-01-05,SPY,759.3373,764.5641,755.7515,760.9784,60783614
2026-01-06,SPY,768.1078,772.9321,764.2009,769.0251,80376030
2026-01-07,SPY,768.5302,772.5043,764.2853,768.2594,73251093
2026-01-08,SPY,781.0642,783.9941,773.7136,776.6435,60186953
2026-01-09,SPY,779.0474,782.4678,773.9439,777.3643,82396541
2026-01-12,SPY,781.3638,785.6027,778.2181,782.457,56732881
2026-01-13,SPY,792.6494,795.9454,789.7413,793.0373,83401638
2026-01-14,SPY,795.4751,801.3191,792.06,797.904,68575476
2026-01-15,SPY,800.7551,803.526,796.5497,799.3205,65922280
2026-01-16,SPY,801.2126,805.9293,795.4579,800.1745,82835065
2026-01-19,SPY,802.7014,805.9074,796.7894,799.9954,75959777
2026-01-20,SPY,808.0139,811.3624,803.7724,807.1209,83137950
2026-01-21,SPY,801.1782,805.7566,797.6154,802.1938,67752846
2026-01-22,SPY,802.1266,806.5644,797.2241,801.6619,83422063
2026-01-23,SPY,794.8302,799.0583,792.3594,796.5875,69860042
2026-01-26,SPY,802.9416,805.3843,798.3199,800.7626,73178252
2026-01-27,SPY,797.6354,802.3407,793.9014,798.6067,61322118
2026-01-28,SPY,802.0244,808.1474,799.1708,805.2937,75400763
2026-01-29,SPY,800.5023,805.8385,796.2617,801.598,69773087
2026-01-30,SPY,793.6927,798.2202,790.209,794.7365,62076679
2026-02-02,SPY,784.8719,791.1025,780.851,787.0816,60962924
2026-02-03,SPY,780.5846,785.433,777.5354,782.3838,79304437
2026-02-04,SPY,779.6885,783.1509,776.9049,780.3673,89335916
2026-02-05,SPY,776.141,782.7491,773.3146,779.9227,69116389
2026-02-06,SPY,765.7981,768.5219,762.5386,765.2624,68931320
2026-02-09,SPY,767.0345,770.3617,762.8802,766.2073,61017516
2026-02-10,SPY,763.3327,766.0406,759.8586,762.5664,73854629
2026-02-11,SPY,770.7833,774.1696,768.0494,771.4357,50164432
2026-02-12,SPY,777.6079,782.0417,774.8925,779.3263,86888140
2026-02-13,SPY,781.9809,786.5542,779.5171,784.0905,78770784
2026-02-16,SPY,779.4013,782.9303,774.3506,777.8795,55806671
2026-02-17,SPY,781.5679,784.3731,775.7687,778.5738,77926564
2026-02-18,SPY,763.9573,767.0871,760.7348,763.8647,78200072
2026-02-19,SPY,766.3055,771.0525,762.033,766.7799,83728748
2026-02-20,SPY,772.3198,777.0918,768.1133,772.8853,84878447
2026-02-23,SPY,769.3007,772.8136,764.7454,768.2583,82450172
2026-02-24,SPY,750.7954,754.4671,745.7425,749.4143,71876398
2026-02-25,SPY,734.6686,737.9743,731.9045,735.2102,77094744
2026-02-26,SPY,727.0815,729.3271,724.5007,726.7462,74303801
2026-02-27,SPY,722.3968,725.2997,716.9664,719.8692,69588813
2026-03-02,SPY,720.1159,726.7322,717.1001,723.7163,68149253
2026-03-03,SPY,717.671,720.5594,714.5291,717.4175,79269582
2026-03-04,SPY,717.0046,721.0109,714.0035,718.0097,63993999
2026-03-05,SPY,714.486,716.7404,712.0023,714.2567,68454231
2026-03-06,SPY,718.3723,721.3834,713.2841,716.2952,81401771
2026-03-09,SPY,715.2928,718.0668,711.7019,714.4759,69133665
2026-03-10,SPY,721.2559,725.0325,714.8156,718.5922,75317031
2026-03-11,SPY,717.5493,720.0975,715.0045,717.5527,80573598
2026-03-12,SPY,716.5006,718.8247,711.8212,714.1453,76482438
2026-03-13,SPY,711.9964,714.9558,708.8364,711.7958,77624600
2026-03-16,SPY,708.7552,712.0581,705.4934,708.7963,64768037
2026-03-17,SPY,708.5253,711.7441,704.0909,707.3096,81743112
2026-03-18,SPY,706.8006,709.0122,704.0378,706.2493,57315014
2026-03-19,SPY,698.4034,700.6335,695.7215,697.9516,74285438
2026-03-20,SPY,689.7075,692.4865,687.5157,690.2947,65382626
2026-03-23,SPY,691.2414,693.5006,687.435,689.6941,80989788
2026-03-24,SPY,690.1647,693.6258,687.7991,691.2602,66579355
2026-03-25,SPY,680.0899,686.0886,675.4704,681.4691,73111513
2026-03-26,SPY,676.831,679.8557,674.5483,677.573,58184896
2026-03-27,SPY,670.3817,673.7767,667.1462,670.5411,68842205
2026-03-30,SPY,664.5061,667.4172,662.3219,665.233,83388847
2026-03-31,SPY,659.9149,663.739,657.7348,661.5589,80911857
2026-04-01,SPY,658.3114,660.6381,655.5777,657.9043,73439011
2026-04-02,SPY,659.0984,661.4032,655.1343,657.4391,83408599
2026-04-03,SPY,657.0245,661.3764,654.0295,658.3815,69025245
2026-04-06,SPY,654.7345,658.1901,652.3813,655.8369,85593666
2026-04-07,SPY,654.0484,658.3251,650.3551,654.6318,51733332
2026-04-08,SPY,649.0862,652.2478,646.6683,649.8299,72072718
2026-04-09,SPY,648.7402,651.1851,644.4729,646.9177,85934120
2026-04-10,SPY,638.557,643.4798,635.5814,640.5042,67668490
2026-04-13,SPY,647.7782,651.6215,643.2376,647.0808,63718552
2026-04-14,SPY,647.7971,649.8871,643.6522,645.7422,67704569
2026-04-15,SPY,644.5847,647.3545,642.1193,644.8891,67601394
2026-04-16,SPY,645.2736,647.2853,642.1941,644.2058,66512528
2026-04-17,SPY,641.5604,643.9589,639.3631,641.7616,73332477
2026-04-20,SPY,640.5678,644.0402,638.0573,641.5297,78966571
2026-04-21,SPY,637.0668,639.9512,633.9229,636.8073,63511130
2026-04-22,SPY,639.7445,641.8013,636.7748,638.8316,85429646
2026-04-23,SPY,637.1479,640.3788,634.6417,637.8727,66170204
2026-04-24,SPY,635.2385,637.3814,633.0775,635.2203,70577786
2026-04-27,SPY,632.1474,634.9296,629.9602,632.7425,65638589
2026-04-28,SPY,631.9137,635.3034,629.7943,633.184,82444587
2026-04-29,SPY,638.6483,640.598,636.5416,638.4914,79745772
2026-04-30,SPY,641.7501,644.4178,637.096,639.7637,75724437
2026-05-01,SPY,643.0164,646.0921,640.3485,643.4242,64845259
2026-05-04,SPY,651.6561,654.9418,646.192,649.4777,82833900
2026-05-05,SPY,654.35,656.3504,650.2079,652.2083,66483966
2026-05-06,SPY,648.1538,650.9266,645.6993,648.4721,65941776
2026-05-07,SPY,650.2787,653.3426,648.2087,651.2726,89427473
2026-05-08,SPY,647.1,650.1235,643.6205,646.644,73132654
2026-05-11,SPY,649.6859,653.4288,647.2042,650.9471,69190108
2026-05-12,SPY,649.4243,652.4071,647.0263,650.0092,81852873
2026-05-13,SPY,656.4936,659.3549,652.5255,655.3868,82059175
2026-05-14,SPY,661.4851,664.2443,659.0508,661.81,58528855
2026-05-15,SPY,666.5272,669.1143,663.4387,666.0258,79747356
2026-05-18,SPY,661.718,665.0192,658.8504,662.1517,70341594
2026-05-19,SPY,666.0077,669.0155,662.9411,665.9488,59803630
2026-05-20,SPY,656.6427,660.8476,654.0487,658.2537,69960740
2026-05-21,SPY,653.8931,657.5557,650.7199,654.3825,71308844
2026-05-22,SPY,662.0838,664.7862,659.7058,662.4082,81819151
2026-05-25,SPY,670.7686,673.6563,668.3924,671.28,84167430
2026-05-26,SPY,685.904,688.5475,680.9907,683.6343,83339390
2026-05-27,SPY,690.1273,694.6355,687.063,691.5712,74554648
2026-05-28,SPY,687.7139,690.3081,684.0032,686.5974,69013601
2026-05-29,SPY,692.4357,696.3856,689.1273,693.0772,84210963
2026-06-01,SPY,700.2207,702.5806,695.6298,697.9897,86671231
2026-06-02,SPY,696.5013,700.6038,693.2032,697.3057,74841691
2026-06-03,SPY,699.8571,704.4339,696.7654,701.3421,79066747
2026-06-04,SPY,707.8462,711.0041,704.9676,708.1255,84030710
2026-06-05,SPY,708.9141,712.106,705.2543,708.4462,62399253
2026-06-08,SPY,714.2776,717.0667,711.9651,714.7542,68373717
2026-06-09,SPY,719.9442,723.4557,714.1577,717.6691,64845490
2026-06-10,SPY,719.1376,722.3721,715.1151,718.3496,81482208
2026-06-11,SPY,729.3577,733.2834,726.8659,730.7917,82598411
2026-06-12,SPY,737.7525,742.0431,735.2167,739.5073,86152354
2026-06-15,SPY,748.2,751.7881,743.5193,747.1074,62031203
2026-06-16,SPY,747.9515,752.1976,744.6009,748.847,67500200
2026-06-17,SPY,750.2617,753.2241,746.8852,749.8476,80658584
2026-06-18,SPY,760.5494,763.2027,757.7822,760.4355,79843376
2026-06-19,SPY,776.6652,779.9033,771.4204,774.6585,84170682
2026-06-22,SPY,786.6394,790.835,781.1467,785.3423,76916323
2026-06-23,SPY,789.5945,793.1422,786.677,790.2246,78745626
2026-06-24,SPY,800.0834,804.0549,795.7849,799.7563,69953818
2026-06-25,SPY,798.1106,801.4101,795.3032,798.6028,69068669
2026-06-26,SPY,798.4693,801.1746,795.779,798.4843,65175236
2026-06-29,SPY,798.4796,801.0643,795.2887,797.8735,65552569
2026-06-30,SPY,809.2738,812.56,801.8695,805.1558,66530974
2026-07-01,SPY,803.3426,807.3231,800.7236,804.7041,82448681
2026-07-02,SPY,820.0925,822.9691,816.9503,819.8269,70340163
2026-07-03,SPY,825.4411,829.4618,820.0387,824.0594,66861975
2025-03-17,QQQ,448.0566,450.3546,445.1873,447.4853,50649165
2025-03-18,QQQ,448.8158,450.8158,446.2656,448.2656,52911290
2025-03-19,QQQ,438.5613,440.6223,436.28,438.341,62117988
2025-03-20,QQQ,439.6989,441.1659,436.9482,438.4153,57559460
2025-03-21,QQQ,440.3655,444.4848,436.4417,440.561,56116625
2025-03-24,QQQ,448.2963,451.5382,446.2828,449.5247,45548365
2025-03-25,QQQ,454.0066,455.8869,451.2444,453.1246,46066503
2025-03-26,QQQ,459.0019,461.5066,456.6145,459.1192,55214938
2025-03-27,QQQ,464.5016,466.2056,462.0161,463.7201,47831832
2025-03-28,QQQ,465.1153,467.5428,461.9182,464.3458,58499428
2025-03-31,QQQ,463.5566,467.1086,461.9064,465.4584,60662306
2025-04-01,QQQ,466.2485,467.7534,463.3825,464.8874,50007095
2025-04-02,QQQ,472.5887,474.1141,471.0283,472.5537,58669900
2025-04-03,QQQ,468.4049,470.3212,466.4131,468.3293,61839427
2025-04-04,QQQ,469.7709,471.4922,467.5943,469.3156,54608172
2025-04-07,QQQ,467.2406,468.8036,464.1279,465.691,54385515
2025-04-08,QQQ,461.4222,465.6792,459.4212,463.6782,41006236
2025-04-09,QQQ,466.2571,467.8099,464.4346,465.9875,49107632
2025-04-10,QQQ,467.9542,470.5593,465.0795,467.6846,44338895
2025-04-11,QQQ,467.3181,471.1171,465.684,469.483,51551480
2025-04-14,QQQ,474.1151,478.777,471.3323,475.9943,57243461
2025-04-15,QQQ,474.5414,477.1272,469.9757,472.5615,59410002
2025-04-16,QQQ,472.1669,473.7708,469.7688,471.3726,56196531
2025-04-17,QQQ,481.5486,487.3582,479.5522,485.3619,53084681
2025-04-18,QQQ,484.6462,486.2819,482.9934,484.6291,50702456
2025-04-21,QQQ,482.9451,485.5997,479.5345,482.1891,50573120
2025-04-22,QQQ,490.3801,492.4528,486.6816,488.7542,48034932
2025-04-23,QQQ,497.4813,499.5232,493.9357,495.9775,53729835
2025-04-24,QQQ,485.182,488.9591,483.688,487.4651,53566813
2025-04-25,QQQ,488.5577,492.3052,486.7247,490.4721,47636189
2025-04-28,QQQ,491.1416,492.8333,487.7944,489.486,59679963
2025-04-29,QQQ,488.6871,493.0677,486.0677,490.4484,59521140
2025-04-30,QQQ,493.7949,495.4879,491.2757,492.9687,50514804
2025-05-01,QQQ,503.7463,505.2566,499.0669,500.5772,52991876
2025-05-02,QQQ,509.2044,512.9183,507.0647,510.7786,63980106
2025-05-05,QQQ,509.8434,513.4558,505.0914,508.7039,62055092
2025-05-06,QQQ,514.7142,516.4978,510.7998,512.5834,59698329
2025-05-07,QQQ,511.007,514.9074,508.7798,512.6802,51310811
2025-05-08,QQQ,509.0628,514.2371,505.4666,510.6409,63067364
2025-05-09,QQQ,506.7957,510.3838,504.7569,508.3449,60713007
2025-05-12,QQQ,511.7631,513.9025,509.7658,511.9052,47271222
2025-05-13,QQQ,510.1455,512.5381,507.8299,510.2224,60111051
2025-05-14,QQQ,496.1434,499.2913,493.6396,496.7875,69340857
2025-05-15,QQQ,498.3643,499.8827,495.9836,497.5019,49219751
2025-05-16,QQQ,507.1116,509.227,503.286,505.4014,60235161
2025-05-19,QQQ,511.0933,513.5905,508.8786,511.3759,56979416
2025-05-20,QQQ,505.0269,507.049,501.7642,503.7863,46630006
2025-05-21,QQQ,514.2066,516.341,511.6361,513.7706,47425418
2025-05-22,QQQ,521.1494,523.15,517.5988,519.5994,63936862
2025-05-23,QQQ,527.9131,531.41,526.1209,529.6178,63736849
2025-05-26,QQQ,526.5434,528.5436,523.5263,525.5265,57927480
2025-05-27,QQQ,534.9855,538.9856,533.3694,537.3695,53183294
2025-05-28,QQQ,543.3889,545.3618,539.4087,541.3816,53365756
2025-05-29,QQQ,534.56,538.2437,532.4916,536.1753,66219289
2025-05-30,QQQ,542.0541,545.0694,537.5072,540.5225,70637027
2025-06-02,QQQ,532.5679,535.0462,529.4138,531.8921,56159489
2025-06-03,QQQ,535.4247,538.4945,533.3307,536.4005,64312532
2025-06-04,QQQ,533.4295,536.9355,527.7929,531.2989,47171508
2025-06-05,QQQ,532.9398,536.6207,529.9467,533.6276,53928103
2025-06-06,QQQ,532.7702,536.3671,530.0246,533.6215,54935151
2025-06-09,QQQ,537.5471,540.5943,535.7252,538.7724,46145779
2025-06-10,QQQ,529.7958,534.9498,527.0454,532.1994,50202613
2025-06-11,QQQ,534.5758,537.3987,532.9153,535.7383,48281074
2025-06-12,QQQ,530.1645,534.8422,527.2124,531.8901,59714786
2025-06-13,QQQ,524.7849,527.2313,523.1912,525.6377,71024433
2025-06-16,QQQ,516.7045,518.8928,514.9694,517.1576,49910539
2025-06-17,QQQ,518.6886,521.8572,516.9794,520.1481,57813430
2025-06-18,QQQ,522.5836,526.2514,519.7539,523.4217,64704933
2025-06-19,QQQ,524.0737,527.544,519.8847,523.3551,54461504
2025-06-20,QQQ,518.7368,521.8286,516.2881,519.3798,61711445
2025-06-23,QQQ,520.5813,522.8568,517.3791,519.6545,58122908
2025-06-24,QQQ,514.6368,517.0503,512.1939,514.6074,68214921
2025-06-25,QQQ,516.5921,519.8987,514.3247,517.6314,52319465
2025-06-26,QQQ,516.8627,521.1259,514.1923,518.4554,54283353
2025-06-27,QQQ,519.7081,521.4551,516.4416,518.1886,52357773
2025-06-30,QQQ,521.6431,523.6133,519.9387,521.9089,56696649
2025-07-01,QQQ,509.5968,512.0456,508.0032,510.452,48863065
2025-07-02,QQQ,497.6133,501.985,495.7061,500.0778,60742812
2025-07-03,QQQ,497.5515,501.4686,494.5157,498.4328,59982694
2025-07-04,QQQ,494.3211,496.5407,492.5811,494.8007,54153377
2025-07-07,QQQ,484.6149,486.8224,483.1183,485.3259,74494943
2025-07-08,QQQ,484.7389,486.5942,481.6292,483.4844,53970187
2025-07-09,QQQ,485.871,488.1,481.6666,483.8956,50857347
2025-07-10,QQQ,484.4198,487.2705,481.9567,484.8073,54999016
2025-07-11,QQQ,485.2859,488.7491,483.2154,486.6785,56197789
2025-07-14,QQQ,479.796,482.7141,477.6959,480.614,63025453
2025-07-15,QQQ,487.2701,491.1376,483.4749,487.3424,49446714
2025-07-16,QQQ,478.9835,483.7889,476.1202,480.9256,52908007
2025-07-17,QQQ,475.259,479.4884,472.2971,476.5265,62270978
2025-07-18,QQQ,482.0605,483.6524,479.8802,481.4721,44844485
2025-07-21,QQQ,476.0416,480.9143,474.4144,479.287,57741487
2025-07-22,QQQ,477.4743,482.18,474.5454,479.251,50054691
2025-07-23,QQQ,473.4831,476.3682,471.7918,474.6769,48348142
2025-07-24,QQQ,474.0959,476.0657,472.2591,474.2289,53484112
2025-07-25,QQQ,475.5262,477.0841,472.8954,474.4532,55679790
2025-07-28,QQQ,474.9275,479.278,472.4047,476.7552,61085167
2025-07-29,QQQ,483.4328,485.7877,481.1184,483.4733,52642452
2025-07-30,QQQ,482.5587,485.3201,480.6466,483.408,63662873
2025-07-31,QQQ,477.9773,479.5285,475.1452,476.6964,67892690
2025-08-01,QQQ,472.0181,474.1115,469.6523,471.7456,44555871
2025-08-04,QQQ,463.9917,467.0279,461.5694,464.6055,52249198
2025-08-05,QQQ,462.8396,465.312,459.8544,462.3269,72510213
2025-08-06,QQQ,459.2036,461.245,456.6633,458.7046,64943340
2025-08-07,QQQ,456.3706,458.4397,452.3583,454.4274,50242635
2025-08-08,QQQ,451.0981,453.3869,449.3248,451.6136,49223389
2025-08-11,QQQ,459.9262,461.4929,456.2754,457.8421,51644392
2025-08-12,QQQ,454.0891,456.3633,452.0606,454.3348,49067470
2025-08-13,QQQ,447.6136,449.9675,446.0438,448.3977,55581247
2025-08-14,QQQ,435.0892,437.0475,433.3369,435.2952,51616564
2025-08-15,QQQ,428.4314,430.4118,426.3716,428.3521,64814592
2025-08-18,QQQ,420.781,422.2532,418.2324,419.7045,57207421
2025-08-19,QQQ,417.0062,418.6025,415.3953,416.9917,54332976
2025-08-20,QQQ,403.0756,406.8973,401.3273,405.149,63520973
2025-08-21,QQQ,407.3222,409.1303,404.6553,406.4634,71161073
2025-08-22,QQQ,402.0186,404.1824,399.4727,401.6365,53437785
2025-08-25,QQQ,394.4502,396.4475,392.8623,394.8595,39715880
2025-08-26,QQQ,395.4905,396.9091,393.5958,395.0143,52233100
2025-08-27,QQQ,404.4491,407.8932,401.9981,405.4422,59654355
2025-08-28,QQQ,415.4498,417.4441,411.4701,413.4644,48947605
2025-08-29,QQQ,419.5111,420.82,415.7606,417.0696,66761102
2025-09-01,QQQ,411.0423,415.7195,407.5817,412.2589,52930103
2025-09-02,QQQ,417.486,420.0093,415.6668,418.1901,55862160
2025-09-03,QQQ,417.498,419.8694,415.9454,418.3168,56299497
2025-09-04,QQQ,419.6831,422.0999,416.9051,419.3219,46730335
2025-09-05,QQQ,419.1645,420.894,415.9886,417.7181,43942211
2025-09-08,QQQ,419.9222,421.9971,416.4497,418.5247,60089670
2025-09-09,QQQ,417.5449,419.556,415.9034,417.9145,59460130
2025-09-10,QQQ,416.2701,418.0779,414.3983,416.2061,38624136
2025-09-11,QQQ,414.1341,416.5221,410.1729,412.561,55690024
2025-09-12,QQQ,411.3935,412.8786,409.2285,410.7137,58821648
2025-09-15,QQQ,406.5968,408.3054,403.5766,405.2852,48697892
2025-09-16,QQQ,404.1562,405.71,401.8371,403.3909,52224468
2025-09-17,QQQ,400.5555,402.097,398.6093,400.1508,57832186
2025-09-18,QQQ,398.0294,401.3696,395.8312,399.1715,59203038
2025-09-19,QQQ,392.8825,394.5983,391.5392,393.255,51025291
2025-09-22,QQQ,392.9739,395.3615,390.2886,392.6762,53048606
2025-09-23,QQQ,387.1645,388.6859,384.4913,386.0127,59008681
2025-09-24,QQQ,388.9241,391.7718,387.4116,390.2592,54703331
2025-09-25,QQQ,391.52,393.7229,389.8245,392.0274,54581788
2025-09-26,QQQ,394.2905,396.3889,391.1544,393.2528,59265700
2025-09-29,QQQ,393.5719,396.6404,391.6441,394.7126,54393759
2025-09-30,QQQ,399.5466,401.0333,397.4722,398.9589,45089730
2025-10-01,QQQ,392.8373,394.8601,390.8503,392.8731,46329659
2025-10-02,QQQ,399.729,401.107,395.2778,396.6559,63250002
2025-10-03,QQQ,398.5963,399.902,397.0478,398.3534,54322495
2025-10-06,QQQ,392.9825,394.8299,390.8518,392.6992,36818935
2025-10-07,QQQ,391.5504,393.3168,388.7785,390.5448,54709235
2025-10-08,QQQ,396.0927,399.5677,393.7394,397.2144,62042823
2025-10-09,QQQ,394.623,397.1236,392.6688,395.1694,49985159
2025-10-10,QQQ,396.5392,400.2107,394.5265,398.198,53080875
2025-10-13,QQQ,400.034,401.2918,397.9032,399.1609,55790990
2025-10-14,QQQ,395.8369,399.7479,393.8311,397.7421,52550661
2025-10-15,QQQ,398.5182,400.7862,396.6459,398.9138,70336448
2025-10-16,QQQ,400.2105,401.765,398.2565,399.8111,48594310
2025-10-17,QQQ,402.7231,405.4539,399.2789,402.0096,55440079
2025-10-20,QQQ,402.9753,405.6552,401.6473,404.3272,49069098
2025-10-21,QQQ,411.8659,414.1251,410.2535,412.5127,57779131
2025-10-22,QQQ,417.1553,419.897,413.2014,415.943,57713713
2025-10-23,QQQ,415.6448,418.3656,413.0349,415.7557,49254621
2025-10-24,QQQ,411.9018,414.1861,410.0116,412.2959,60051649
2025-10-27,QQQ,418.3584,420.4975,416.0514,418.1905,60487850
2025-10-28,QQQ,431.9782,433.9882,428.1582,430.1683,45029785
2025-10-29,QQQ,426.006,430.9,424.1268,429.0209,55486276
2025-10-30,QQQ,437.7986,439.5417,435.8309,437.5741,49363242
2025-10-31,QQQ,436.3482,439.2648,434.8055,437.7222,62748618
2025-11-03,QQQ,430.8324,432.9386,429.2828,431.389,64828355
2025-11-04,QQQ,434.5806,440.3487,431.5936,437.3617,48391047
2025-11-05,QQQ,437.716,439.1811,436.2162,437.6813,59445733
2025-11-06,QQQ,434.384,437.1225,431.3578,434.0963,52617525
2025-11-07,QQQ,436.1572,438.1793,434.3335,436.3556,64810945
2025-11-10,QQQ,432.4457,434.713,429.4512,431.7186,65344891
2025-11-11,QQQ,431.3297,435.9143,429.0228,433.6074,56719580
2025-11-12,QQQ,433.4467,436.4612,427.7841,430.7987,56493588
2025-11-13,QQQ,437.2027,438.6048,434.4941,435.8962,54979734
2025-11-14,QQQ,439.8805,442.2958,436.7434,439.1587,69064476
2025-11-17,QQQ,433.6061,436.385,431.8585,434.6374,60555742
2025-11-18,QQQ,434.0704,437.1946,432.2823,435.4065,54377348
2025-11-19,QQQ,446.7423,451.6546,444.0438,448.9562,57406270
2025-11-20,QQQ,454.692,457.7931,452.9105,456.0116,59369119
2025-11-21,QQQ,459.5249,461.5615,457.679,459.7156,70385690
2025-11-24,QQQ,459.1779,460.9715,456.7645,458.5581,59829495
2025-11-25,QQQ,453.4239,457.6166,450.9734,455.1661,55042237
2025-11-26,QQQ,458.2755,460.2404,454.9514,456.9163,39509451
2025-11-27,QQQ,457.6788,459.8062,454.5028,456.6301,65232780
2025-11-28,QQQ,460.8436,466.1296,458.2645,463.5505,56079760
2025-12-01,QQQ,460.344,462.0412,458.3515,460.0486,55624522
2025-12-02,QQQ,468.8422,472.991,465.7242,469.873,45227842
2025-12-03,QQQ,465.2247,467.4791,462.7477,465.0021,65273650
2025-12-04,QQQ,472.7262,475.4136,471.245,473.9324,61545825
2025-12-05,QQQ,472.2209,476.1161,469.7561,473.6512,55804256
2025-12-08,QQQ,484.6076,486.1034,481.5591,483.055,55602857
2025-12-09,QQQ,486.3223,490.1944,480.1364,484.0086,56299586
2025-12-10,QQQ,483.3504,486.2265,479.9656,482.8417,53313622
2025-12-11,QQQ,488.7583,490.5127,486.4448,488.1992,62538702
2025-12-12,QQQ,491.7654,494.8954,489.632,492.7621,58848637
2025-12-15,QQQ,491.0385,493.1558,488.0023,490.1196,54710368
2025-12-16,QQQ,487.4626,491.9676,484.4001,488.9051,44268862
2025-12-17,QQQ,490.5682,493.6316,488.6933,491.7567,60759196
2025-12-18,QQQ,495.7902,497.3187,493.5364,495.0649,61840586
2025-12-19,QQQ,486.9729,491.3995,484.8696,489.2963,49757068
2025-12-22,QQQ,497.7987,499.9207,494.8096,496.9316,56201760
2025-12-23,QQQ,506.2682,509.6286,503.3137,506.674,55312503
2025-12-24,QQQ,521.2259,523.7658,517.269,519.809,49975119
2025-12-25,QQQ,532.9276,536.4049,530.8614,534.3386,70479371
2025-12-26,QQQ,528.1995,530.9533,525.7702,528.5241,48529229
2025-12-29,QQQ,533.6516,535.5234,531.6209,533.4926,67499125
2025-12-30,QQQ,525.1335,529.1729,522.2333,526.2727,64650281
2025-12-31,QQQ,538.3082,542.471,534.4148,538.5776,47322487
2026-01-01,QQQ,539.6061,543.7942,537.9266,542.1147,59854596
2026-01-02,QQQ,539.7816,542.8235,535.3756,538.4175,53143173
2026-01-05,QQQ,539.3776,541.8867,537.5168,540.0259,75448850
2026-01-06,QQQ,537.3782,539.0406,534.3208,535.9832,52463362
2026-01-07,QQQ,535.2288,538.1325,530.6555,533.5592,59699219
2026-01-08,QQQ,537.8667,540.9674,534.056,537.1567,56883009
2026-01-09,QQQ,535.9957,539.0398,533.0313,536.0755,49252442
2026-01-12,QQQ,536.7269,538.8779,535.0528,537.2037,60821354
2026-01-13,QQQ,537.9537,540.0882,535.229,537.3635,61653942
2026-01-14,QQQ,533.5975,535.5322,530.3745,532.3092,56013316
2026-01-15,QQQ,538.2086,541.1919,535.8542,538.8375,60811372
2026-01-16,QQQ,540.0878,542.645,534.9152,537.4724,62204523
2026-01-19,QQQ,549.5462,553.5584,546.3261,550.3384,53242125
2026-01-20,QQQ,547.2911,549.8388,545.2727,547.8204,62300309
2026-01-21,QQQ,551.6644,555.2138,549.5848,553.1341,58612666
2026-01-22,QQQ,556.5932,558.6248,554.5178,556.5494,64242210
2026-01-23,QQQ,553.6625,555.693,550.6642,552.6947,58503222
2026-01-26,QQQ,554.9324,558.8153,552.9712,556.8542,46831957
2026-01-27,QQQ,554.5392,557.0051,550.9224,553.3883,43014985
2026-01-28,QQQ,553.9028,557.1774,552.1475,555.4221,69459115
2026-01-29,QQQ,559.499,562.0112,553.2411,555.7533,51164611
2026-01-30,QQQ,550.201,555.263,547.0341,552.0961,55488173
2026-02-02,QQQ,551.4887,554.1235,548.2676,550.9024,48973012
2026-02-03,QQQ,553.4121,557.4698,550.8855,554.9432,50460498
2026-02-04,QQQ,551.7002,554.5126,547.3502,550.1626,52862637
2026-02-05,QQQ,546.1727,549.4218,543.49,546.739,64800680
2026-02-06,QQQ,547.6889,552.3948,544.4096,549.1155,59194966
2026-02-09,QQQ,542.9787,546.3938,540.7929,544.208,46214943
2026-02-10,QQQ,544.2573,546.2644,540.6259,542.6329,54559727
2026-02-11,QQQ,536.8133,539.1,532.6364,534.9231,50144136
2026-02-12,QQQ,521.2365,525.1197,519.2069,523.0901,65834677
2026-02-13,QQQ,515.149,516.9975,511.3156,513.1641,60750002
2026-02-16,QQQ,507.8168,510.3141,505.5616,508.0589,53414975
2026-02-17,QQQ,511.8357,515.3429,510.1487,513.6559,61506101
2026-02-18,QQQ,517.8149,519.5805,515.0018,516.7675,55338227
2026-02-19,QQQ,506.1382,509.2622,504.5396,507.6636,50814576
2026-02-20,QQQ,500.3377,502.1439,498.2868,500.0929,46290116
2026-02-23,QQQ,485.8875,487.3458,483.8377,485.2959,55476791
2026-02-24,QQQ,466.5967,469.0883,461.9444,464.436,65453031
2026-02-25,QQQ,456.8661,459.5901,454.9281,457.652,56244619
2026-02-26,QQQ,448.07,451.2078,446.6201,449.7579,58862331
2026-02-27,QQQ,445.855,447.8201,443.6764,445.6414,51966908
2026-03-02,QQQ,446.839,449.4554,444.5334,447.1499,51452207
2026-03-03,QQQ,448.5019,449.9086,446.7775,448.1842,58468108
2026-03-04,QQQ,434.804,436.8479,432.6278,434.6717,61682340
2026-03-05,QQQ,434.6327,437.2378,432.2806,434.8857,55664490
2026-03-06,QQQ,429.2682,431.841,427.6332,430.206,51414348
2026-03-09,QQQ,427.012,428.8041,425.1901,426.9822,42997014
2026-03-10,QQQ,427.0679,428.4867,425.1495,426.5683,51940920
2026-03-11,QQQ,421.8088,424.0076,419.7811,421.9799,68111225
2026-03-12,QQQ,412.2619,414.9139,410.8335,413.4855,49807485
2026-03-13,QQQ,408.7025,410.2864,406.2805,407.8644,47450299
2026-03-16,QQQ,407.9122,410.6531,405.606,408.3469,63710741
2026-03-17,QQQ,408.9071,410.336,406.8029,408.2319,58801435
2026-03-18,QQQ,407.7546,411.1503,405.4734,408.8691,54533121
2026-03-19,QQQ,410.1925,411.9855,407.7995,409.5925,63623141
2026-03-20,QQQ,406.826,409.048,403.2497,405.4717,54994699
2026-03-23,QQQ,400.7877,402.4731,399.5576,401.243,61640972
2026-03-24,QQQ,403.7501,405.1906,401.7372,403.1777,55215210
2026-03-25,QQQ,404.5161,408.7397,401.5367,405.7603,54736458
2026-03-26,QQQ,402.9452,404.8547,400.381,402.2905,48542667
2026-03-27,QQQ,401.6449,402.9414,400.2876,401.5841,49527380
2026-03-30,QQQ,399.7902,401.8879,397.1229,399.2206,61354735
2026-03-31,QQQ,396.9341,399.8561,394.4987,397.4208,54005525
2026-04-01,QQQ,401.9208,403.9632,399.4306,401.4731,49346917
2026-04-02,QQQ,400.4483,402.0993,399.0535,400.7044,46858754
2026-04-03,QQQ,402.282,403.5083,400.2081,401.4344,45353265
2026-04-06,QQQ,394.635,399.3856,390.7981,395.5487,56898046
2026-04-07,QQQ,398.1356,400.0399,394.4339,396.3383,54566907
2026-04-08,QQQ,395.2002,398.5338,392.6889,396.0225,51781569
2026-04-09,QQQ,394.029,396.2033,391.5695,393.7439,58122155
2026-04-10,QQQ,394.6562,396.312,392.1057,393.7615,57235438
2026-04-13,QQQ,391.4045,394.1773,389.3488,392.1216,64215959
2026-04-14,QQQ,392.662,394.3835,389.0667,390.7883,40052335
2026-04-15,QQQ,391.3097,392.7675,388.1059,389.5637,52314972
2026-04-16,QQQ,400.762,403.0873,398.0694,400.3947,52450407
2026-04-17,QQQ,401.8073,403.9081,400.1827,402.2835,42969334
2026-04-20,QQQ,401.2287,404.9288,398.9127,402.6128,55573342
2026-04-21,QQQ,401.0135,404.4098,399.0466,402.4429,57778679
2026-04-22,QQQ,403.4072,405.6974,401.9698,404.26,54477990
2026-04-23,QQQ,409.4901,410.9965,407.075,408.5814,53192866
2026-04-24,QQQ,416.4793,417.9419,415.2088,416.6713,44368535
2026-04-27,QQQ,410.9878,412.7551,409.466,411.2333,56856425
2026-04-28,QQQ,408.5179,410.5285,407.1772,409.1878,56948310
2026-04-29,QQQ,408.5308,411.9001,405.9007,409.27,62384144
2026-04-30,QQQ,404.9693,407.4305,403.4047,405.8659,63313605
2026-05-01,QQQ,409.2128,410.5427,407.6311,408.9611,47843168
2026-05-04,QQQ,416.3028,418.6524,413.9908,416.3403,55087520
2026-05-05,QQQ,420.4432,422.0617,419.0457,420.6642,51747490
2026-05-06,QQQ,421.5494,423.1797,419.113,420.7433,52833241
2026-05-07,QQQ,418.9099,422.3115,417.1638,420.5654,65297199
2026-05-08,QQQ,424.0438,426.5844,422.0938,424.6344,64617523
2026-05-11,QQQ,427.2107,429.6477,424.7886,427.2257,54705212
2026-05-12,QQQ,427.1653,428.5068,425.5717,426.9132,64851796
2026-05-13,QQQ,437.3731,438.7531,434.598,435.978,37063501
2026-05-14,QQQ,437.1409,438.6494,434.6168,436.1253,57792466
2026-05-15,QQQ,437.3478,439.9543,435.6613,438.2679,67552938
2026-05-18,QQQ,445.9545,448.364,443.5327,445.9421,51472502
2026-05-19,QQQ,451.0314,452.5571,449.6574,451.1831,54835948
2026-05-20,QQQ,450.657,453.0188,448.5821,450.9439,45856216
2026-05-21,QQQ,455.7032,458.6991,453.6297,456.6256,42938962
2026-05-22,QQQ,461.5044,463.0911,459.893,461.4796,46192774
2026-05-25,QQQ,454.9965,458.0527,452.199,455.2551,58329034
2026-05-26,QQQ,456.4889,459.7479,454.7668,458.0258,52058317
2026-05-27,QQQ,453.8536,456.9723,451.5812,454.6999,43076773
2026-05-28,QQQ,454.3172,457.6988,452.3547,455.7363,54123261
2026-05-29,QQQ,461.4143,463.4972,456.9074,458.9902,59740168
2026-06-01,QQQ,468.8862,470.5718,466.1033,467.7889,60052795
2026-06-02,QQQ,469.8553,471.8387,464.3037,466.2871,52285963
2026-06-03,QQQ,473.2445,474.8474,470.6111,472.214,48435736
2026-06-04,QQQ,471.0987,473.4927,468.4594,470.8533,38647702
2026-06-05,QQQ,475.5094,477.0919,473.0414,474.6239,57118957
2026-06-08,QQQ,480.4125,481.9298,478.5292,480.0465,47392684
2026-06-09,QQQ,478.031,481.9103,475.8405,479.7199,60202475
2026-06-10,QQQ,488.1837,490.9739,486.1652,488.9554,51454954
2026-06-11,QQQ,491.2647,493.7397,488.1115,490.5865,66476807
2026-06-12,QQQ,487.8818,491.1731,486.2103,489.5017,45646204
2026-06-15,QQQ,491.9491,494.394,490.1674,492.6122,44870823
2026-06-16,QQQ,498.7579,500.5102,495.8108,497.563,58633316
2026-06-17,QQQ,493.8898,496.5111,492.0461,494.6674,65114537
2026-06-18,QQQ,497.9084,500.3968,495.952,498.4404,45094078
2026-06-19,QQQ,506.7418,512.5629,503.2323,509.0533,53338166
2026-06-22,QQQ,514.095,516.192,510.3602,512.4572,63233098
2026-06-23,QQQ,515.169,518.675,511.6188,515.1247,53403432
2026-06-24,QQQ,522.5965,524.872,518.3352,520.6107,59069799
2026-06-25,QQQ,521.3919,524.3834,519.6458,522.6373,56732561
2026-06-26,QQQ,518.7598,521.0265,517.1984,519.4651,58742568
2026-06-29,QQQ,528.8397,531.3619,526.4877,529.0099,50316483
2026-06-30,QQQ,531.8851,533.495,529.5949,531.2047,51250046
2026-07-01,QQQ,531.5017,533.2593,527.8551,529.6127,67357342
2026-07-02,QQQ,539.7382,542.3299,535.1581,537.7498,49418642
2026-07-03,QQQ,535.1475,539.1269,533.1142,537.0936,60291089
2025-03-17,ACWI,109.8727,110.3847,109.4966,110.0086,3304713
2025-03-18,ACWI,110.5651,110.9384,110.0352,110.4085,2042297
2025-03-19,ACWI,110.5952,111.0719,110.2505,110.7272,3063795
2025-03-20,ACWI,111.1355,111.5749,110.716,111.1554,2985088
2025-03-21,ACWI,111.4535,112.0094,110.9753,111.5311,3474090
2025-03-24,ACWI,110.5038,111.1569,110.1364,110.7896,3025839
2025-03-25,ACWI,111.4251,111.996,110.846,111.4169,2730606
2025-03-26,ACWI,112.2844,112.6261,111.9262,112.2678,3330126
2025-03-27,ACWI,113.1954,113.7408,112.6412,113.1866,2994097
2025-03-28,ACWI,112.6496,113.191,112.1195,112.6609,2833056
2025-03-31,ACWI,112.3278,112.7403,111.9744,112.3869,3006334
2025-04-01,ACWI,114.002,114.3467,113.3367,113.6814,3447875
2025-04-02,ACWI,114.5404,115.0222,114.1089,114.5908,2668899
2025-04-03,ACWI,115.2198,115.5733,114.79,115.1435,3108908
2025-04-04,ACWI,115.3739,115.9325,114.984,115.5425,2840993
2025-04-07,ACWI,116.3275,116.707,115.9585,116.338,3312411
2025-04-08,ACWI,116.9792,117.5254,116.447,116.9933,2686333
2025-04-09,ACWI,117.3754,117.7753,116.8859,117.2858,3598962
2025-04-10,ACWI,117.379,117.7671,116.8898,117.278,3346314
2025-04-11,ACWI,117.0263,117.4613,116.4745,116.9096,2945871
2025-04-14,ACWI,117.1557,117.597,116.6394,117.0807,3144253
2025-04-15,ACWI,116.9305,117.5094,116.3682,116.947,2902404
2025-04-16,ACWI,117.7713,118.2188,117.2119,117.6593,3147459
2025-04-17,ACWI,117.4799,118.0096,117.0106,117.5403,2749271
2025-04-18,ACWI,117.9695,118.4861,117.6133,118.1299,3223250
2025-04-21,ACWI,118.2352,118.9972,117.7852,118.5471,3153510
2025-04-22,ACWI,119.2969,119.669,118.679,119.051,2103378
2025-04-23,ACWI,120.2235,120.9341,119.6899,120.4005,3365282
2025-04-24,ACWI,120.2505,120.7612,119.758,120.2688,3657954
2025-04-25,ACWI,121.151,121.5203,120.6209,120.9902,2775900
2025-04-28,ACWI,122.6248,123.1945,121.9762,122.5459,2716223
2025-04-29,ACWI,123.9329,124.3427,123.4037,123.8134,3409164
2025-04-30,ACWI,124.9043,125.3963,124.1337,124.6257,3100538
2025-05-01,ACWI,125.4211,125.8781,124.9054,125.3625,3269261
2025-05-02,ACWI,125.9065,126.412,125.505,126.0105,2815922
2025-05-05,ACWI,126.2323,126.8062,125.7222,126.2961,2960012
2025-05-06,ACWI,126.8481,127.2993,126.2735,126.7247,3710800
2025-05-07,ACWI,126.2805,126.6892,125.7634,126.1721,2393356
2025-05-08,ACWI,127.8411,128.3931,127.4415,127.9935,3349471
2025-05-09,ACWI,126.6253,127.2226,126.2166,126.8139,2994632
2025-05-12,ACWI,127.6781,128.1671,127.1104,127.5993,3751100
2025-05-13,ACWI,128.3826,128.8131,127.7165,128.1469,2976490
2025-05-14,ACWI,129.0538,129.9739,128.0461,128.9661,2973083
2025-05-15,ACWI,129.2998,129.7762,128.6485,129.1249,2264999
2025-05-16,ACWI,132.1275,132.6837,131.4981,132.0542,3684134
2025-05-19,ACWI,132.9697,133.4927,132.2421,132.7651,2411026
2025-05-20,ACWI,133.8382,134.4076,133.1614,133.7309,2477566
2025-05-21,ACWI,134.228,134.7981,133.8075,134.3776,2167687
2025-05-22,ACWI,134.1223,134.5944,133.4242,133.8962,3991135
2025-05-23,ACWI,134.9613,135.5635,134.4444,135.0466,3389587
2025-05-26,ACWI,136.0469,136.5108,135.5346,135.9984,3431745
2025-05-27,ACWI,138.301,138.7172,137.8518,138.268,3181590
2025-05-28,ACWI,138.4263,139.1597,137.5904,138.3238,2735911
2025-05-29,ACWI,140.1558,140.6022,139.3954,139.8417,2691278
2025-05-30,ACWI,141.4044,142.0699,140.5402,141.2057,2914591
2025-06-02,ACWI,142.5488,143.0296,141.9223,142.4031,3180948
2025-06-03,ACWI,143.4811,143.977,142.6244,143.1203,2797932
2025-06-04,ACWI,144.9619,145.4498,144.2121,144.7,3842299
2025-06-05,ACWI,144.4028,145.1627,143.6074,144.3674,2750991
2025-06-06,ACWI,144.1368,144.7349,143.6542,144.2523,3515161
2025-06-09,ACWI,146.0527,146.6664,144.9341,145.5479,2722522
2025-06-10,ACWI,143.726,144.4623,142.9357,143.672,2979953
2025-06-11,ACWI,142.5462,143.1755,141.7691,142.3984,2948468
2025-06-12,ACWI,141.0383,141.5999,140.2552,140.8167,3460321
2025-06-13,ACWI,141.4496,142.2936,140.3882,141.2321,3651695
2025-06-16,ACWI,142.2898,143.1284,141.7376,142.5762,2423870
2025-06-17,ACWI,142.1372,142.6021,141.672,142.1369,3134893
2025-06-18,ACWI,142.5035,143.0017,141.7944,142.2927,3002861
2025-06-19,ACWI,142.384,143.202,141.38,142.198,2721598
2025-06-20,ACWI,141.7464,142.3001,140.9978,141.5514,3244787
2025-06-23,ACWI,142.4184,143.0584,141.8273,142.4674,2801996
2025-06-24,ACWI,143.9783,144.5938,143.4156,144.031,3302923
2025-06-25,ACWI,144.5194,144.9705,143.9672,144.4183,3306210
2025-06-26,ACWI,144.4128,145.0353,143.7135,144.3361,2904938
2025-06-27,ACWI,143.3089,143.9083,142.7632,143.3625,3009779
2025-06-30,ACWI,143.9387,144.4023,143.378,143.8416,2865586
2025-07-01,ACWI,144.4094,144.9033,143.7923,144.2862,3517372
2025-07-02,ACWI,143.9759,144.6655,143.303,143.9927,3291395
2025-07-03,ACWI,143.5718,144.4236,143.0919,143.9437,2699708
2025-07-04,ACWI,144.1544,144.8676,143.6035,144.3168,3132123
2025-07-07,ACWI,143.6025,144.207,142.9827,143.5872,3078131
2025-07-08,ACWI,144.1561,144.6977,143.2528,143.7944,3341549
2025-07-09,ACWI,143.0123,143.8992,142.4409,143.3278,3036249
2025-07-10,ACWI,144.2377,144.7726,143.5238,144.0587,3687614
2025-07-11,ACWI,143.2026,143.7718,142.6534,143.2226,3401280
2025-07-14,ACWI,143.4418,143.9886,142.5629,143.1097,3227129
2025-07-15,ACWI,142.5484,143.1801,142.0652,142.6969,3373721
2025-07-16,ACWI,143.1807,144.0379,142.7132,143.5704,2771934
2025-07-17,ACWI,143.2528,144.2487,142.6789,143.6749,2840006
2025-07-18,ACWI,141.5443,142.1028,141.071,141.6295,3021696
2025-07-21,ACWI,141.9736,142.9956,141.4105,142.4325,2989789
2025-07-22,ACWI,142.4384,143.1586,141.7969,142.5171,2875009
2025-07-23,ACWI,142.7778,143.2963,141.6911,142.2097,2905519
2025-07-24,ACWI,141.461,142.5224,140.9626,142.0241,3497125
2025-07-25,ACWI,138.7008,139.5912,138.0859,138.9763,2510788
2025-07-28,ACWI,138.5896,139.3245,137.7882,138.5231,2931146
2025-07-29,ACWI,137.436,138.0188,136.9295,137.5123,3256969
2025-07-30,ACWI,135.5764,136.0581,135.03,135.5117,2510319
2025-07-31,ACWI,134.1894,134.711,133.7657,134.2874,3104409
2025-08-01,ACWI,133.1623,133.6838,132.2199,132.7414,2696744
2025-08-04,ACWI,131.9535,132.4292,131.5329,132.0086,3434483
2025-08-05,ACWI,130.989,131.6685,130.4778,131.1573,3278308
2025-08-06,ACWI,130.5699,131.0029,130.1541,130.5872,3198089
2025-08-07,ACWI,129.642,130.1615,128.7276,129.2471,3182337
2025-08-08,ACWI,128.5504,129.0344,128.0781,128.562,2189494
2025-08-11,ACWI,128.3473,128.7485,127.8788,128.2801,2721098
2025-08-12,ACWI,127.6735,128.2386,127.1372,127.7024,2845573
2025-08-13,ACWI,127.7786,128.2142,127.1388,127.5743,2937178
2025-08-14,ACWI,127.2057,127.9208,126.7292,127.4443,3258950
2025-08-15,ACWI,127.3775,127.8444,126.7701,127.2369,2471065
2025-08-18,ACWI,127.0212,127.6693,126.2743,126.9224,2609173
2025-08-19,ACWI,126.7724,127.3524,126.295,126.875,2991703
2025-08-20,ACWI,127.5281,128.1316,126.8017,127.4051,3042615
2025-08-21,ACWI,127.7321,128.3369,127.1267,127.7314,3397510
2025-08-22,ACWI,128.3242,128.8668,127.8353,128.378,3662908
2025-08-25,ACWI,126.9263,127.3131,126.5057,126.8925,3062974
2025-08-26,ACWI,125.9676,126.4724,125.2952,125.8,3653809
2025-08-27,ACWI,125.0356,125.4732,124.3927,124.8303,3653518
2025-08-28,ACWI,124.4217,125.0351,123.8486,124.4621,3347297
2025-08-29,ACWI,124.9769,125.4963,124.0976,124.617,2844725
2025-09-01,ACWI,123.5753,124.1249,123.0484,123.598,3366868
2025-09-02,ACWI,124.5514,124.9536,124.1464,124.5486,2952161
2025-09-03,ACWI,125.1231,125.6184,124.6476,125.1428,2972139
2025-09-04,ACWI,124.6429,125.4213,124.0315,124.8099,3883898
2025-09-05,ACWI,123.8965,124.4983,123.4176,124.0194,3233542
2025-09-08,ACWI,123.5707,124.2404,123.0539,123.7236,2397642
2025-09-09,ACWI,122.9051,123.5824,122.4994,123.1767,2961655
2025-09-10,ACWI,123.1634,123.7902,122.689,123.3158,2605737
2025-09-11,ACWI,123.4738,123.9016,122.5392,122.967,3419476
2025-09-12,ACWI,121.7887,122.3708,121.2267,121.8088,3565915
2025-09-15,ACWI,122.2625,122.6964,121.6453,122.0791,3495846
2025-09-16,ACWI,123.0357,123.5422,122.4485,122.955,2538776
2025-09-17,ACWI,122.1329,122.7115,121.6023,122.1809,2483036
2025-09-18,ACWI,122.4278,122.9561,122.0584,122.5867,3174757
2025-09-19,ACWI,123.4587,123.9824,123.0432,123.5669,2897812
2025-09-22,ACWI,123.0436,123.8213,122.5826,123.3603,2863740
2025-09-23,ACWI,123.8093,124.6492,123.3289,124.1688,2968038
2025-09-24,ACWI,124.9323,125.5329,124.2961,124.8967,3148120
2025-09-25,ACWI,125.3375,125.7865,124.7744,125.2233,2429781
2025-09-26,ACWI,125.5875,126.1878,125.0289,125.6292,3133711
2025-09-29,ACWI,124.7109,125.3719,124.1656,124.8267,3593814
2025-09-30,ACWI,124.424,124.9859,123.9618,124.5237,3675991
2025-10-01,ACWI,122.6673,123.468,122.2504,123.0511,2566280
2025-10-02,ACWI,124.0927,124.9602,123.6006,124.4681,2997829
2025-10-03,ACWI,124.3894,124.8358,123.5988,124.0451,3235401
2025-10-06,ACWI,124.2238,124.8673,123.7841,124.4277,3252408
2025-10-07,ACWI,125.0734,125.6501,124.6173,125.194,3521992
2025-10-08,ACWI,125.37,125.976,124.8439,125.4498,2835293
2025-10-09,ACWI,125.4727,125.9058,125.0866,125.5197,3602617
2025-10-10,ACWI,125.9632,126.8598,125.3878,126.2843,3040010
2025-10-13,ACWI,127.2026,127.8113,126.7236,127.3323,2727852
2025-10-14,ACWI,128.369,128.7824,127.8309,128.2443,3056381
2025-10-15,ACWI,128.193,128.754,127.7917,128.3527,3612425
2025-10-16,ACWI,128.8905,129.5694,128.314,128.9929,2805407
2025-10-17,ACWI,129.1147,129.6184,128.4799,128.9835,3256502
2025-10-20,ACWI,128.9153,129.345,128.4127,128.8425,2729067
2025-10-21,ACWI,128.6555,129.3972,128.058,128.7997,2813943
2025-10-22,ACWI,130.7937,131.7121,130.108,131.0264,3647028
2025-10-23,ACWI,131.4345,131.8963,130.5561,131.0179,2741866
2025-10-24,ACWI,130.8682,131.3322,130.4191,130.8831,2811026
2025-10-27,ACWI,131.2162,131.7924,130.5484,131.1246,3300417
2025-10-28,ACWI,131.4683,131.8933,130.9352,131.3602,2806234
2025-10-29,ACWI,131.7861,132.19,131.0918,131.4957,2982280
2025-10-30,ACWI,131.7236,132.2176,131.3055,131.7994,2652629
2025-10-31,ACWI,131.3687,131.9942,130.8555,131.4809,3033246
2025-11-03,ACWI,131.4341,132.1038,130.8562,131.5258,3502898
2025-11-04,ACWI,131.5475,132.1204,131.0592,131.632,2879531
2025-11-05,ACWI,132.2387,132.712,131.7848,132.2581,2823269
2025-11-06,ACWI,133.0429,133.4854,132.5582,133.0007,3227925
2025-11-07,ACWI,133.4867,134.0568,132.8234,133.3935,3535620
2025-11-10,ACWI,133.6758,134.2524,133.2361,133.8127,3005625
2025-11-11,ACWI,135.2651,135.7218,134.5064,134.9631,3009242
2025-11-12,ACWI,136.6943,137.3119,136.1334,136.751,2821310
2025-11-13,ACWI,138.0845,138.6078,137.5771,138.1004,2835912
2025-11-14,ACWI,138.7837,139.305,138.0886,138.6099,2978537
2025-11-17,ACWI,138.8045,139.2357,138.3464,138.7776,3090914
2025-11-18,ACWI,138.8139,139.6157,138.1432,138.945,3544489
2025-11-19,ACWI,141.0518,141.6136,140.0945,140.6564,3200101
2025-11-20,ACWI,140.8065,141.4486,140.3063,140.9484,3301444
2025-11-21,ACWI,140.5812,141.2114,139.6285,140.2588,3364637
2025-11-24,ACWI,141.3322,141.8926,140.6079,141.1683,2932726
2025-11-25,ACWI,140.583,141.1937,139.8782,140.4889,2504561
2025-11-26,ACWI,141.1455,141.6629,140.6525,141.17,2881930
2025-11-27,ACWI,141.9525,142.6566,141.4948,142.1989,3242283
2025-11-28,ACWI,143.2646,143.9084,142.5328,143.1767,3319545
2025-12-01,ACWI,143.4445,144.0683,142.9854,143.6092,2369974
2025-12-02,ACWI,144.7125,145.1597,144.1721,144.6193,2915479
2025-12-03,ACWI,144.9383,145.4116,144.4787,144.9521,3311860
2025-12-04,ACWI,145.1681,145.8236,144.4812,145.1367,2530846
2025-12-05,ACWI,143.3821,144.0722,142.7865,143.4765,2713459
2025-12-08,ACWI,142.9458,143.4075,142.2237,142.6854,3298590
2025-12-09,ACWI,143.1174,143.7801,142.5492,143.212,2682481
2025-12-10,ACWI,144.3785,144.9756,143.7091,144.3062,2990758
2025-12-11,ACWI,144.7426,145.2456,143.9931,144.4961,2427828
2025-12-12,ACWI,145.0605,145.7017,144.5809,145.222,3014019
2025-12-15,ACWI,146.0331,146.4803,145.5324,145.9795,3509342
2025-12-16,ACWI,145.5437,146.426,145.0418,145.9242,3164503
2025-12-17,ACWI,144.6428,145.2762,144.1126,144.746,3059087
2025-12-18,ACWI,144.0973,144.5327,143.484,143.9194,3223145
2025-12-19,ACWI,144.5717,145.0056,143.8898,144.3237,3264956
2025-12-22,ACWI,144.0395,144.7069,143.5192,144.1866,2987166
2025-12-23,ACWI,143.5218,144.3249,142.7657,143.5688,3091037
2025-12-24,ACWI,143.817,144.6928,143.2206,144.0964,2815263
2025-12-25,ACWI,143.1768,143.6658,142.7102,143.1993,2826903
2025-12-26,ACWI,143.3438,144.1011,142.8066,143.5639,3568982
2025-12-29,ACWI,144.2381,145.0341,143.7765,144.5724,2922854
2025-12-30,ACWI,145.5833,146.0453,144.9013,145.3633,3441676
2025-12-31,ACWI,145.4554,146.0716,144.9472,145.5633,2851149
2026-01-01,ACWI,146.237,147.1117,145.7319,146.6066,3167387
2026-01-02,ACWI,146.3209,147.2654,145.8087,146.7531,3421218
2026-01-05,ACWI,147.6119,148.2308,146.9594,147.5783,2609856
2026-01-06,ACWI,146.7357,147.4984,145.8017,146.5644,3316769
2026-01-07,ACWI,146.8447,147.2933,146.0106,146.4592,2728057
2026-01-08,ACWI,145.6827,146.1389,145.1065,145.5627,2893121
2026-01-09,ACWI,144.5868,145.1365,143.8887,144.4384,3257311
2026-01-12,ACWI,142.8768,143.7012,142.2639,143.0883,2990839
2026-01-13,ACWI,145.0709,145.5496,144.5786,145.0574,2713027
2026-01-14,ACWI,147.2472,147.8955,146.7119,147.3603,3056238
2026-01-15,ACWI,146.2181,146.7827,145.6552,146.2199,2696620
2026-01-16,ACWI,145.5833,146.4316,144.8564,145.7047,2181135
2026-01-19,ACWI,145.1674,145.8073,144.6559,145.2958,2790173
2026-01-20,ACWI,144.8362,145.4571,143.9034,144.5242,2938958
2026-01-21,ACWI,145.3905,145.9396,144.9073,145.4565,2701639
2026-01-22,ACWI,145.7006,146.5159,145.168,145.9832,3057592
2026-01-23,ACWI,145.4207,146.0003,144.8467,145.4263,2309217
2026-01-26,ACWI,145.0171,145.7394,144.2001,144.9224,2591192
2026-01-27,ACWI,145.1879,145.7071,144.7386,145.2578,2789123
2026-01-28,ACWI,145.0538,145.617,144.5283,145.0915,3266220
2026-01-29,ACWI,145.5123,146.2497,144.8772,145.6146,3578487
2026-01-30,ACWI,147.3315,147.8295,146.4787,146.9767,3434947
2026-02-02,ACWI,146.6178,147.3785,145.8705,146.6312,2538412
2026-02-03,ACWI,146.5584,147.2665,145.7956,146.5037,2717340
2026-02-04,ACWI,144.795,145.9451,144.0601,145.2102,3585635
2026-02-05,ACWI,145.6416,146.1321,145.1845,145.675,2981290
2026-02-06,ACWI,145.4509,146.0995,144.7173,145.3659,2286322
2026-02-09,ACWI,145.8875,146.7101,145.1538,145.9764,2501017
2026-02-10,ACWI,145.3791,146.3096,144.7498,145.6802,2623248
2026-02-11,ACWI,146.1919,146.6585,145.5791,146.0458,3489707
2026-02-12,ACWI,145.6816,146.4188,145.1566,145.8938,2969558
2026-02-13,ACWI,144.7107,145.2283,143.9967,144.5142,3347700
2026-02-16,ACWI,144.0756,144.6748,143.5078,144.107,2797868
2026-02-17,ACWI,144.6243,145.1666,143.6055,144.1478,3262487
2026-02-18,ACWI,142.5128,143.3666,141.9377,142.7916,3027854
2026-02-19,ACWI,141.3775,142.066,140.7509,141.4393,3231031
2026-02-20,ACWI,140.9336,141.6275,140.4592,141.1531,2987944
2026-02-23,ACWI,138.2895,138.719,137.8341,138.2636,3245330
2026-02-24,ACWI,135.4622,135.9854,134.872,135.3953,3589955
2026-02-25,ACWI,130.5486,131.0274,129.8238,130.3026,2092350
2026-02-26,ACWI,130.6555,131.4614,130.251,131.057,3261212
2026-02-27,ACWI,130.1019,130.6157,129.3028,129.8167,2860716
2026-03-02,ACWI,128.837,129.4942,128.0005,128.6577,2879555
2026-03-03,ACWI,127.9401,128.3504,127.2279,127.6381,2646297
2026-03-04,ACWI,126.201,126.8022,125.6533,126.2545,3036164
2026-03-05,ACWI,125.789,126.6785,125.3586,126.2481,2923619
2026-03-06,ACWI,126.7623,127.4542,126.0927,126.7847,2989678
2026-03-09,ACWI,127.4761,127.938,126.9576,127.4196,2287512
2026-03-10,ACWI,126.41,127.1064,126.0013,126.6977,2868222
2026-03-11,ACWI,127.3238,128.0155,126.9065,127.5983,2320643
2026-03-12,ACWI,127.0269,127.6513,126.5682,127.1926,3081903
2026-03-13,ACWI,127.0857,127.4901,126.6146,127.0189,2557561
2026-03-16,ACWI,126.1358,126.5676,125.7142,126.146,3356246
2026-03-17,ACWI,125.4984,125.9763,124.7412,125.219,3057042
2026-03-18,ACWI,123.5732,124.2146,123.1614,123.8028,2590692
2026-03-19,ACWI,122.8362,123.3059,121.9881,122.4578,3363773
2026-03-20,ACWI,123.1066,123.6415,122.5966,123.1315,3145237
2026-03-23,ACWI,122.6592,123.3798,122.1527,122.8734,3324126
2026-03-24,ACWI,121.7708,122.1614,121.2612,121.6518,3270985
2026-03-25,ACWI,121.7104,122.2286,121.0937,121.6118,2950224
2026-03-26,ACWI,120.682,121.2957,119.9868,120.6004,2441120
2026-03-27,ACWI,118.8666,119.657,118.2908,119.0812,2848807
2026-03-30,ACWI,118.6828,119.2299,118.3175,118.8646,2745002
2026-03-31,ACWI,119.1805,119.5771,118.788,119.1846,2221463
2026-04-01,ACWI,118.403,118.9949,117.9407,118.5326,2657449
2026-04-02,ACWI,118.6322,119.0624,118.1426,118.5728,2796108
2026-04-03,ACWI,119.1027,119.6628,118.3341,118.8941,2437200
2026-04-06,ACWI,120.5642,121.3168,120.0337,120.7863,3109582
2026-04-07,ACWI,120.7701,121.1774,120.1256,120.5329,3334984
2026-04-08,ACWI,119.8999,120.2681,119.3501,119.7183,3379048
2026-04-09,ACWI,120.5029,120.9673,119.9106,120.3751,2815134
2026-04-10,ACWI,119.2069,119.699,118.7962,119.2882,3448025
2026-04-13,ACWI,118.471,118.9502,118.0679,118.5471,3348110
2026-04-14,ACWI,119.0352,119.395,118.6233,118.9831,3581314
2026-04-15,ACWI,117.8341,118.2794,117.1982,117.6435,3437138
2026-04-16,ACWI,118.0518,118.5978,117.6013,118.1473,3238384
2026-04-17,ACWI,117.4189,118.0622,117.0413,117.6846,2570719
2026-04-20,ACWI,117.7685,118.3091,117.362,117.9027,2932389
2026-04-21,ACWI,118.2443,118.6313,117.8266,118.2137,3031852
2026-04-22,ACWI,117.9941,118.5072,117.6382,118.1513,2819425
2026-04-23,ACWI,116.7742,117.4767,116.28,116.9825,2856401
2026-04-24,ACWI,117.9548,118.3097,117.5733,117.9282,2660720
2026-04-27,ACWI,118.2874,118.8684,117.7218,118.3029,2703095
2026-04-28,ACWI,117.4988,118.0504,117.1133,117.6649,3256819
2026-04-29,ACWI,117.2416,117.7968,116.6021,117.1573,2534266
2026-04-30,ACWI,117.7039,118.2904,117.2221,117.8087,3074989
2026-05-01,ACWI,119.3233,119.7385,118.6227,119.0379,2881719
2026-05-04,ACWI,118.6725,119.0406,118.2644,118.6325,3408371
2026-05-05,ACWI,119.6635,120.0686,119.1409,119.5459,3065116
2026-05-06,ACWI,120.2211,120.8432,119.7942,120.4164,3075080
2026-05-07,ACWI,122.5538,123.1547,122.0817,122.6826,3501807
2026-05-08,ACWI,121.7267,122.1239,121.2571,121.6542,2757634
2026-05-11,ACWI,121.4807,121.966,121.0942,121.5796,2717706
2026-05-12,ACWI,120.9883,121.7259,120.4264,121.164,2963441
2026-05-13,ACWI,122.0649,122.7392,121.6129,122.2872,3577960
2026-05-14,ACWI,121.687,122.2358,121.3093,121.8582,2741187
2026-05-15,ACWI,122.7993,123.2263,122.1386,122.5656,3240754
2026-05-18,ACWI,122.9307,123.5711,122.4806,123.121,3435787
2026-05-19,ACWI,124.0847,124.5204,123.5377,123.9734,2467303
2026-05-20,ACWI,123.6319,124.0199,123.2171,123.605,3207013
2026-05-21,ACWI,124.4063,124.8029,123.7754,124.172,3125845
2026-05-22,ACWI,125.4692,126.0021,124.6989,125.2318,3114368
2026-05-25,ACWI,126.5004,126.9146,125.8831,126.2972,3821024
2026-05-26,ACWI,126.34,126.8177,125.5628,126.0405,3067006
2026-05-27,ACWI,126.4385,126.9093,125.7901,126.2609,3201730
2026-05-28,ACWI,128.5139,128.9112,127.943,128.3403,3595400
2026-05-29,ACWI,127.8632,128.388,127.2864,127.8112,2793876
2026-06-01,ACWI,128.0418,128.5433,127.5687,128.0702,2674551
2026-06-02,ACWI,127.7018,128.1365,127.2432,127.6779,3352393
2026-06-03,ACWI,128.8209,129.2642,128.2323,128.6756,2670651
2026-06-04,ACWI,129.0799,129.5038,128.4752,128.8991,3232759
2026-06-05,ACWI,129.399,129.8124,128.9372,129.3506,2583701
2026-06-08,ACWI,130.8144,131.3122,130.1345,130.6324,3357636
2026-06-09,ACWI,132.0927,132.7501,131.3907,132.0481,2485249
2026-06-10,ACWI,132.1698,132.584,131.5215,131.9357,3119215
2026-06-11,ACWI,132.8119,133.4591,132.1167,132.7639,2658099
2026-06-12,ACWI,132.3252,132.8434,131.7848,132.303,2445366
2026-06-15,ACWI,133.156,133.7431,132.7128,133.2999,3037486
2026-06-16,ACWI,134.5144,135.0067,133.8745,134.3667,2741982
2026-06-17,ACWI,135.5636,136.1775,134.8842,135.4981,2541551
2026-06-18,ACWI,136.055,136.6513,135.6347,136.231,2546582
2026-06-19,ACWI,136.7475,137.2818,136.0457,136.58,3431959
2026-06-22,ACWI,137.0279,137.8967,136.3333,137.202,3158692
2026-06-23,ACWI,137.6665,138.2951,137.0313,137.6599,2628449
2026-06-24,ACWI,138.3318,139.0917,137.7531,138.513,3333490
2026-06-25,ACWI,138.9642,139.689,138.4218,139.1466,3466842
2026-06-26,ACWI,139.4582,140.3517,138.7522,139.6458,2496916
2026-06-29,ACWI,139.1338,139.6255,138.5658,139.0575,3212691
2026-06-30,ACWI,138.7628,139.5639,138.268,139.0691,2826159
2026-07-01,ACWI,139.5744,140.0767,139.0512,139.5534,2991813
2026-07-02,ACWI,140.7576,141.224,140.0897,140.5561,2827112
2026-07-03,ACWI,141.758,142.2244,141.2399,141.7063,3048138
2025-03-17,VIX,16.0492,16.4174,15.8107,16.1788,0
2025-03-18,VIX,16.2553,16.4318,15.8342,16.0107,0
2025-03-19,VIX,15.7163,15.8428,15.5299,15.6564,0
2025-03-20,VIX,16.0318,16.1545,15.7256,15.8483,0
2025-03-21,VIX,15.5227,15.5761,15.4515,15.5049,0
2025-03-24,VIX,15.8296,15.8786,15.5267,15.5757,0
2025-03-25,VIX,15.6093,15.8898,15.4735,15.7541,0
2025-03-26,VIX,15.0091,15.0706,14.8959,14.9574,0
2025-03-27,VIX,14.9558,15.1675,14.6406,14.8523,0
2025-03-28,VIX,15.3087,15.4416,15.2452,15.3781,0
2025-03-31,VIX,16.1403,16.2541,16.0365,16.1503,0
2025-04-01,VIX,16.3821,16.5517,16.3084,16.478,0
2025-04-02,VIX,17.3175,17.6172,16.8223,17.1221,0
2025-04-03,VIX,16.6736,16.7936,16.3721,16.4921,0
2025-04-04,VIX,16.9696,17.192,16.589,16.8114,0
2025-04-07,VIX,16.3364,16.4176,16.1855,16.2667,0
2025-04-08,VIX,17.4469,17.5601,17.1073,17.2205,0
2025-04-09,VIX,17.7075,17.8529,17.3845,17.5298,0
2025-04-10,VIX,18.9469,19.0171,18.8759,18.9461,0
2025-04-11,VIX,19.0067,19.2509,18.4266,18.6708,0
2025-04-14,VIX,18.4665,18.537,18.2957,18.3662,0
2025-04-15,VIX,19.7625,19.8806,19.4742,19.5923,0
2025-04-16,VIX,20.3601,20.6134,20.0227,20.276,0
2025-04-17,VIX,20.7133,20.9458,20.5586,20.7912,0
2025-04-18,VIX,22.32,22.7097,22.0605,22.4502,0
2025-04-21,VIX,21.8044,22.0735,21.5895,21.8587,0
2025-04-22,VIX,20.6759,21.2986,20.5922,21.2148,0
2025-04-23,VIX,22.2441,23.0574,22.0059,22.8191,0
2025-04-24,VIX,23.8756,24.0066,23.6968,23.8279,0
2025-04-25,VIX,25.4347,25.8841,25.2634,25.7128,0
2025-04-28,VIX,25.2795,25.4114,25.2011,25.333,0
2025-04-29,VIX,26.8564,27.3285,26.7368,27.2089,0
2025-04-30,VIX,28.2313,28.5182,28.1371,28.424,0
2025-05-01,VIX,28.2545,28.6022,28.0813,28.429,0
2025-05-02,VIX,27.4844,27.7987,27.3596,27.6739,0
2025-05-05,VIX,28.2814,28.9729,27.9315,28.6231,0
2025-05-06,VIX,29.3334,29.531,28.9091,29.1068,0
2025-05-07,VIX,29.7559,29.952,29.5836,29.7797,0
2025-05-08,VIX,29.87,30.0314,29.3115,29.473,0
2025-05-09,VIX,31.3312,31.7039,30.8156,31.1883,0
2025-05-12,VIX,33.4848,34.0697,33.3716,33.9565,0
2025-05-13,VIX,34.5085,35.1547,34.2279,34.874,0
2025-05-14,VIX,34.589,34.8817,33.7879,34.0806,0
2025-05-15,VIX,32.8519,33.2417,32.7106,33.1004,0
2025-05-16,VIX,33.0025,33.2984,32.5051,32.8009,0
2025-05-19,VIX,34.5318,34.647,33.9024,34.0176,0
2025-05-20,VIX,34.8877,35.3715,34.5162,35.0,0
2025-05-21,VIX,34.8357,35.3022,34.5335,35.0,0
2025-05-22,VIX,34.8154,35.5535,34.2619,35.0,0
2025-05-23,VIX,35.2753,35.4686,34.8067,35.0,0
2025-05-26,VIX,34.17,35.0617,33.8098,34.7015,0
2025-05-27,VIX,35.0365,35.1967,34.8398,35.0,0
2025-05-28,VIX,34.8502,35.2685,34.5818,35.0,0
2025-05-29,VIX,32.996,33.486,32.7585,33.2485,0
2025-05-30,VIX,34.9473,35.0996,34.7683,34.9206,0
2025-06-02,VIX,35.4428,35.8604,34.5823,35.0,0
2025-06-03,VIX,35.0887,35.2562,34.8325,35.0,0
2025-06-04,VIX,35.3038,35.5955,34.7083,35.0,0
2025-06-05,VIX,34.9861,35.194,34.7921,35.0,0
2025-06-06,VIX,33.8826,34.4241,33.4227,33.9642,0
2025-06-09,VIX,34.3556,34.7429,33.5832,33.9704,0
2025-06-10,VIX,35.1736,35.3351,34.8385,35.0,0
2025-06-11,VIX,31.8103,32.2022,31.6347,32.0266,0
2025-06-12,VIX,29.4513,29.7541,29.2006,29.5034,0
2025-06-13,VIX,28.3165,28.7554,28.0889,28.5279,0
2025-06-16,VIX,27.2215,27.4193,27.1045,27.3023,0
2025-06-17,VIX,25.581,25.9299,25.4333,25.7821,0
2025-06-18,VIX,26.2729,26.4849,25.645,25.857,0
2025-06-19,VIX,26.4067,26.6367,26.206,26.436,0
2025-06-20,VIX,28.4594,28.7772,28.1751,28.4929,0
2025-06-23,VIX,27.8021,27.9455,27.6553,27.7987,0
2025-06-24,VIX,26.9065,27.3308,26.703,27.1273,0
2025-06-25,VIX,27.7543,28.2607,27.4313,27.9377,0
2025-06-26,VIX,27.8619,28.1234,27.5732,27.8347,0
2025-06-27,VIX,29.1993,29.5454,28.9369,29.283,0
2025-06-30,VIX,28.6999,29.538,28.2883,29.1264,0
2025-07-01,VIX,29.1415,29.5978,28.9179,29.3741,0
2025-07-02,VIX,29.0673,29.4005,28.715,29.0482,0
2025-07-03,VIX,30.1422,30.3024,29.934,30.0943,0
2025-07-04,VIX,29.683,30.0856,29.3076,29.7102,0
2025-07-07,VIX,30.0875,30.4781,29.8217,30.2122,0
2025-07-08,VIX,30.645,31.8467,29.9129,31.1146,0
2025-07-09,VIX,29.9166,30.3142,29.4343,29.832,0
2025-07-10,VIX,29.4474,29.7715,29.2897,29.6138,0
2025-07-11,VIX,30.4127,30.7913,29.9701,30.3488,0
2025-07-14,VIX,30.1422,30.3711,29.8753,30.1043,0
2025-07-15,VIX,29.2935,29.8632,29.1569,29.7266,0
2025-07-16,VIX,26.0825,26.5673,25.9424,26.4272,0
2025-07-17,VIX,25.7194,25.9711,25.5131,25.7649,0
2025-07-18,VIX,26.4081,26.5694,26.2536,26.4149,0
2025-07-21,VIX,26.7466,27.1501,26.2361,26.6396,0
2025-07-22,VIX,27.1683,27.469,26.9328,27.2334,0
2025-07-23,VIX,26.7291,26.8908,26.5598,26.7215,0
2025-07-24,VIX,27.5358,28.0216,27.3744,27.8602,0
2025-07-25,VIX,27.1505,27.2837,26.9604,27.0936,0
2025-07-28,VIX,25.3136,25.6288,24.692,25.0072,0
2025-07-29,VIX,25.607,25.8873,25.4467,25.727,0
2025-07-30,VIX,26.106,26.2646,25.5535,25.7121,0
2025-07-31,VIX,25.1599,25.6502,24.8039,25.2942,0
2025-08-01,VIX,24.7995,25.0041,24.291,24.4956,0
2025-08-04,VIX,23.0121,23.182,22.9288,23.0987,0
2025-08-05,VIX,22.6432,22.982,22.4912,22.8299,0
2025-08-06,VIX,22.3411,22.66,21.8106,22.1295,0
2025-08-07,VIX,22.0424,22.1844,21.9432,22.0852,0
2025-08-08,VIX,21.4902,21.6782,21.4217,21.6097,0
2025-08-11,VIX,21.418,21.5049,21.1314,21.2183,0
2025-08-12,VIX,20.7344,21.1244,20.4682,20.8582,0
2025-08-13,VIX,19.5254,19.8991,19.3704,19.7441,0
2025-08-14,VIX,18.8161,18.9898,18.693,18.8667,0
2025-08-15,VIX,18.2705,18.3312,18.1668,18.2276,0
2025-08-18,VIX,18.0735,18.2533,17.9657,18.1456,0
2025-08-19,VIX,16.5792,16.8105,16.4453,16.6767,0
2025-08-20,VIX,16.0661,16.3166,15.9448,16.1953,0
2025-08-21,VIX,17.0865,17.2414,16.8872,17.0421,0
2025-08-22,VIX,16.8983,16.9759,16.8043,16.8819,0
2025-08-25,VIX,15.1283,15.3631,15.004,15.2388,0
2025-08-26,VIX,14.6757,14.8852,14.4698,14.6793,0
2025-08-27,VIX,15.0967,15.1741,14.71,14.7874,0
2025-08-28,VIX,15.1006,15.3162,14.9694,15.185,0
2025-08-29,VIX,14.4464,14.5571,14.3919,14.5026,0
2025-09-01,VIX,14.3732,14.5062,14.1001,14.2331,0
2025-09-02,VIX,13.506,13.7444,13.3931,13.6314,0
2025-09-03,VIX,13.4562,13.6298,13.3703,13.5439,0
2025-09-04,VIX,14.1352,14.5496,13.8297,14.244,0
2025-09-05,VIX,13.3474,13.671,13.0748,13.3984,0
2025-09-08,VIX,13.2074,13.3567,13.0821,13.2314,0
2025-09-09,VIX,12.7596,12.8187,12.6754,12.7345,0
2025-09-10,VIX,12.4162,12.7538,12.1829,12.5205,0
2025-09-11,VIX,12.0559,12.4085,11.8092,12.1618,0
2025-09-12,VIX,12.3388,12.4024,12.299,12.3626,0
2025-09-15,VIX,12.3368,12.386,12.2159,12.2651,0
2025-09-16,VIX,11.8082,12.162,11.6797,12.0335,0
2025-09-17,VIX,11.9331,12.021,11.8804,11.9683,0
2025-09-18,VIX,11.4956,11.5989,11.3728,11.4761,0
2025-09-19,VIX,11.8546,11.9293,11.6349,11.7095,0
2025-09-22,VIX,11.5778,11.7355,11.3327,11.4903,0
2025-09-23,VIX,11.3179,11.435,11.0904,11.2075,0
2025-09-24,VIX,10.8996,11.0698,10.7637,10.9339,0
2025-09-25,VIX,11.3794,11.5624,11.3034,11.4864,0
2025-09-26,VIX,10.7748,10.8732,10.6304,10.7288,0
2025-09-29,VIX,10.5494,10.6514,10.2902,10.3922,0
2025-09-30,VIX,10.2362,10.3022,10.0634,10.1294,0
2025-10-01,VIX,10.3584,10.45,10.2616,10.3531,0
2025-10-02,VIX,10.1826,10.3903,10.0892,10.2968,0
2025-10-03,VIX,10.0147,10.0679,9.9833,10.0365,0
2025-10-06,VIX,10.1137,10.1885,10.0642,10.1391,0
2025-10-07,VIX,9.8807,10.0774,9.8352,10.032,0
2025-10-08,VIX,10.0876,10.2387,10.0325,10.1836,0
2025-10-09,VIX,9.9726,10.1435,9.9091,10.08,0
2025-10-10,VIX,10.1371,10.1914,10.0697,10.124,0
2025-10-13,VIX,10.2658,10.3539,10.2223,10.3105,0
2025-10-14,VIX,10.1703,10.262,10.095,10.1867,0
2025-10-15,VIX,9.8018,10.2009,9.6009,10.0,0
2025-10-16,VIX,10.1552,10.1974,9.9578,10.0,0
2025-10-17,VIX,10.1977,10.2857,10.1013,10.1893,0
2025-10-20,VIX,10.5711,10.616,10.3292,10.3742,0
2025-10-21,VIX,11.0815,11.2054,10.8109,10.9348,0
2025-10-22,VIX,11.441,11.5242,11.2904,11.3736,0
2025-10-23,VIX,11.1691,11.2891,11.1244,11.2444,0
2025-10-24,VIX,10.842,10.8856,10.7065,10.7501,0
2025-10-27,VIX,11.3696,11.4298,11.3248,11.385,0
2025-10-28,VIX,11.7328,11.8193,11.6117,11.6982,0
2025-10-29,VIX,12.5392,12.6129,12.3578,12.4315,0
2025-10-30,VIX,12.3885,12.6915,12.2026,12.5056,0
2025-10-31,VIX,13.5248,13.6364,13.4641,13.5757,0
2025-11-03,VIX,12.9232,13.1087,12.6585,12.8439,0
2025-11-04,VIX,13.4852,13.6007,13.3157,13.4313,0
2025-11-05,VIX,12.7109,12.7949,12.5444,12.6284,0
2025-11-06,VIX,12.4129,12.5129,12.3629,12.4628,0
2025-11-07,VIX,12.4029,12.5551,12.3072,12.4594,0
2025-11-10,VIX,13.2643,13.3169,13.1503,13.2029,0
2025-11-11,VIX,14.1707,14.3391,13.9902,14.1587,0
2025-11-12,VIX,14.2087,14.2745,13.991,14.0568,0
2025-11-13,VIX,13.9855,14.293,13.9117,14.2192,0
2025-11-14,VIX,13.9874,14.1072,13.8548,13.9746,0
2025-11-17,VIX,15.103,15.3478,14.7592,15.004,0
2025-11-18,VIX,15.0728,15.1341,14.9062,14.9675,0
2025-11-19,VIX,15.5235,15.8286,15.2957,15.6008,0
2025-11-20,VIX,16.0079,16.0625,15.5802,15.6348,0
2025-11-21,VIX,16.852,17.0908,16.5022,16.7409,0
2025-11-24,VIX,15.8448,15.9749,15.6259,15.7561,0
2025-11-25,VIX,16.7623,16.9258,16.5695,16.7331,0
2025-11-26,VIX,16.2502,16.6699,16.1468,16.5665,0
2025-11-27,VIX,17.933,18.1857,17.721,17.9737,0
2025-11-28,VIX,18.6793,18.7807,18.5603,18.6617,0
2025-12-01,VIX,18.9713,19.1775,18.7506,18.9568,0
2025-12-02,VIX,19.0317,19.2631,18.8724,19.1038,0
2025-12-03,VIX,18.5413,18.6365,18.4833,18.5785,0
2025-12-04,VIX,19.4733,19.6422,19.2321,19.4011,0
2025-12-05,VIX,21.0572,21.1638,20.8062,20.9127,0
2025-12-08,VIX,20.5837,20.7509,20.1185,20.2856,0
2025-12-09,VIX,22.5432,22.7351,21.9635,22.1553,0
2025-12-10,VIX,21.7395,21.9517,21.6664,21.8786,0
2025-12-11,VIX,22.0704,22.1763,21.9819,22.0878,0
2025-12-12,VIX,22.0536,22.3036,21.8159,22.0659,0
2025-12-15,VIX,20.9348,21.0387,20.7799,20.8838,0
2025-12-16,VIX,20.4781,20.6063,19.7931,19.9213,0
2025-12-17,VIX,19.5227,19.6157,19.4499,19.543,0
2025-12-18,VIX,19.0117,19.0848,18.808,18.8811,0
2025-12-19,VIX,18.7913,18.9057,18.5915,18.7059,0
2025-12-22,VIX,18.3506,18.4769,18.0436,18.17,0
2025-12-23,VIX,18.9049,19.3908,18.6752,19.1611,0
2025-12-24,VIX,20.5376,20.7393,20.0826,20.2843,0
2025-12-25,VIX,20.898,21.1708,20.7351,21.0079,0
2025-12-26,VIX,20.3189,20.4851,20.0948,20.2609,0
2025-12-29,VIX,20.735,20.9887,20.2145,20.4683,0
2025-12-30,VIX,20.7375,20.8628,20.464,20.5892,0
2025-12-31,VIX,19.9617,20.3699,19.7868,20.195,0
2026-01-01,VIX,18.513,18.7047,18.4367,18.6284,0
2026-01-02,VIX,18.6996,19.2331,18.3888,18.9223,0
2026-01-05,VIX,19.9395,20.197,19.5637,19.8212,0
2026-01-06,VIX,19.4232,19.531,19.294,19.4017,0
2026-01-07,VIX,19.3241,19.4239,19.1474,19.2473,0
2026-01-08,VIX,18.6283,19.0619,18.5098,18.9434,0
2026-01-09,VIX,19.0126,19.0727,18.8621,18.9222,0
2026-01-12,VIX,18.259,18.4365,18.1365,18.3141,0
2026-01-13,VIX,17.7295,18.0405,17.6273,17.9382,0
2026-01-14,VIX,16.9168,17.0354,16.7186,16.8372,0
2026-01-15,VIX,16.8577,16.9309,16.6528,16.7259,0
2026-01-16,VIX,16.9918,17.117,16.8253,16.9505,0
2026-01-19,VIX,16.4843,16.6595,16.4029,16.5781,0
2026-01-20,VIX,16.2544,16.4279,16.0603,16.2338,0
2026-01-21,VIX,15.4928,15.5735,15.3577,15.4385,0
2026-01-22,VIX,15.1575,15.3241,15.0269,15.1935,0
2026-01-23,VIX,14.4729,14.584,14.3799,14.491,0
2026-01-26,VIX,14.0958,14.354,13.9873,14.2456,0
2026-01-27,VIX,14.0515,14.2037,13.7473,13.8994,0
2026-01-28,VIX,12.6138,12.9896,12.4079,12.7837,0
2026-01-29,VIX,13.8181,13.9984,13.6762,13.8565,0
2026-01-30,VIX,13.5786,13.711,13.336,13.4685,0
2026-02-02,VIX,13.5616,13.85,13.4417,13.7301,0
2026-02-03,VIX,13.1195,13.3025,13.0773,13.2603,0
2026-02-04,VIX,13.2737,13.3137,13.0748,13.1147,0
2026-02-05,VIX,13.7287,13.8785,13.4434,13.5933,0
2026-02-06,VIX,12.88,13.107,12.8039,13.0309,0
2026-02-09,VIX,13.1006,13.1839,13.0573,13.1407,0
2026-02-10,VIX,12.736,12.8665,12.611,12.7415,0
2026-02-11,VIX,12.3512,12.476,12.2504,12.3752,0
2026-02-12,VIX,12.3845,12.4783,12.3386,12.4324,0
2026-02-13,VIX,11.8072,11.9843,11.5867,11.7638,0
2026-02-16,VIX,11.0727,11.1166,10.936,10.9799,0
2026-02-17,VIX,10.2868,10.5428,10.1594,10.4155,0
2026-02-18,VIX,10.3443,10.4337,10.2672,10.3566,0
2026-02-19,VIX,9.9183,10.0193,9.879,9.98,0
2026-02-20,VIX,10.0843,10.1514,9.9474,10.0145,0
2026-02-23,VIX,10.6535,10.8497,10.5843,10.7805,0
2026-02-24,VIX,10.0578,10.2628,10.0004,10.2054,0
2026-02-25,VIX,9.9745,10.1088,9.849,9.9833,0
2026-02-26,VIX,9.9874,10.0543,9.9131,9.98,0
2026-02-27,VIX,9.9716,10.0284,9.9287,9.9854,0
2026-03-02,VIX,10.0609,10.1943,9.8466,9.98,0
2026-03-03,VIX,10.089,10.1883,10.0475,10.1467,0
2026-03-04,VIX,10.2683,10.5034,10.1892,10.4243,0
2026-03-05,VIX,10.7395,10.875,10.5078,10.6433,0
2026-03-06,VIX,10.2949,10.372,10.2338,10.3108,0
2026-03-09,VIX,10.1826,10.2849,9.8777,9.98,0
2026-03-10,VIX,10.0636,10.1694,9.8743,9.98,0
2026-03-11,VIX,10.1174,10.2111,10.0654,10.1591,0
2026-03-12,VIX,10.0398,10.0945,9.9253,9.98,0
2026-03-13,VIX,9.9403,10.056,9.8644,9.98,0
2026-03-16,VIX,9.9777,10.0334,9.9244,9.98,0
2026-03-17,VIX,10.0019,10.083,9.8988,9.98,0
2026-03-18,VIX,9.9598,10.0406,9.8992,9.98,0
2026-03-19,VIX,9.9199,10.0334,9.8664,9.98,0
2026-03-20,VIX,9.8512,10.0211,9.8101,9.98,0
2026-03-23,VIX,9.9309,10.0225,9.8884,9.98,0
2026-03-24,VIX,10.0498,10.1262,9.9035,9.98,0
2026-03-25,VIX,10.0367,10.102,9.9147,9.98,0
2026-03-26,VIX,10.1246,10.2209,9.8837,9.98,0
2026-03-27,VIX,10.0554,10.0923,9.9431,9.98,0
2026-03-30,VIX,9.925,10.0233,9.8817,9.98,0
2026-03-31,VIX,10.0084,10.048,9.9405,9.98,0
2026-04-01,VIX,9.8745,10.1005,9.7541,9.98,0
2026-04-02,VIX,10.0509,10.1737,9.8572,9.98,0
2026-04-03,VIX,10.1623,10.2656,10.1182,10.2215,0
2026-04-06,VIX,10.3319,10.496,10.2054,10.3695,0
2026-04-07,VIX,10.7893,10.8949,10.6595,10.7651,0
2026-04-08,VIX,10.1482,10.3573,10.0277,10.2369,0
2026-04-09,VIX,9.7548,10.054,9.6808,9.98,0
2026-04-10,VIX,10.0256,10.0928,9.9129,9.98,0
2026-04-13,VIX,10.0055,10.0992,9.8862,9.98,0
2026-04-14,VIX,10.1582,10.2779,9.8603,9.98,0
2026-04-15,VIX,9.8985,10.0417,9.8368,9.98,0
2026-04-16,VIX,10.0776,10.1461,9.9115,9.98,0
2026-04-17,VIX,10.1253,10.168,10.0233,10.066,0
2026-04-20,VIX,9.9596,10.0592,9.8805,9.98,0
2026-04-21,VIX,10.3347,10.4848,10.08,10.2302,0
2026-04-22,VIX,10.4582,10.4894,10.3607,10.3919,0
2026-04-23,VIX,10.0382,10.1194,9.9127,9.9939,0
2026-04-24,VIX,10.0436,10.1462,9.8775,9.98,0
2026-04-27,VIX,10.4001,10.4546,10.2632,10.3177,0
2026-04-28,VIX,10.4462,10.4816,10.319,10.3543,0
2026-04-29,VIX,10.492,10.642,10.4214,10.5714,0
2026-04-30,VIX,11.1716,11.2398,11.0638,11.1321,0
2026-05-01,VIX,11.6757,11.8202,11.5164,11.661,0
2026-05-04,VIX,11.347,11.4915,11.275,11.4195,0
2026-05-05,VIX,10.8426,10.9637,10.7824,10.9035,0
2026-05-06,VIX,10.3392,10.4653,10.185,10.3112,0
2026-05-07,VIX,10.9333,10.9676,10.8745,10.9088,0
2026-05-08,VIX,11.4808,11.635,11.4348,11.589,0
2026-05-11,VIX,11.7798,11.8845,11.7424,11.8471,0
2026-05-12,VIX,11.1623,11.3113,11.0955,11.2445,0
2026-05-13,VIX,11.4432,11.6588,11.3322,11.5479,0
2026-05-14,VIX,11.3991,11.5739,11.3289,11.5038,0
2026-05-15,VIX,11.6893,11.8744,11.6103,11.7954,0
2026-05-18,VIX,11.682,11.7361,11.4983,11.5523,0
2026-05-19,VIX,11.4816,11.705,11.4132,11.6365,0
2026-05-20,VIX,12.5027,12.6336,12.0672,12.1981,0
2026-05-21,VIX,12.6489,12.7701,12.326,12.4472,0
2026-05-22,VIX,13.0238,13.1257,12.937,13.0389,0
2026-05-25,VIX,13.8291,13.9269,13.7002,13.798,0
2026-05-26,VIX,14.4497,14.5193,14.3547,14.4243,0
2026-05-27,VIX,14.071,14.1341,14.021,14.0841,0
2026-05-28,VIX,15.1552,15.2501,15.069,15.1639,0
2026-05-29,VIX,16.1679,16.3196,16.0424,16.1942,0
2026-06-01,VIX,17.0853,17.181,16.9659,17.0616,0
2026-06-02,VIX,18.3448,18.5068,18.2771,18.439,0
2026-06-03,VIX,19.5098,19.6381,19.2999,19.4282,0
2026-06-04,VIX,20.1662,20.3008,20.0129,20.1475,0
2026-06-05,VIX,20.7597,20.9608,20.6461,20.8472,0
2026-06-08,VIX,19.9629,20.1152,19.8298,19.9821,0
2026-06-09,VIX,19.2074,19.2846,19.0311,19.1083,0
2026-06-10,VIX,19.8804,19.9741,19.6951,19.7888,0
2026-06-11,VIX,17.9806,18.0434,17.903,17.9658,0
2026-06-12,VIX,17.5345,17.6429,17.3655,17.4739,0
2026-06-15,VIX,17.3152,17.4928,17.1349,17.3126,0
2026-06-16,VIX,17.8596,18.0922,17.7095,17.9421,0
2026-06-17,VIX,18.1102,18.4855,17.9172,18.2925,0
2026-06-18,VIX,18.2996,18.3644,18.2178,18.2827,0
2026-06-19,VIX,19.0621,19.3635,18.9475,19.249,0
2026-06-22,VIX,19.7365,19.8266,19.4348,19.5249,0
2026-06-23,VIX,20.8892,20.9874,20.4812,20.5794,0
2026-06-24,VIX,20.8767,21.0245,20.5139,20.6618,0
2026-06-25,VIX,20.0629,20.2585,19.869,20.0646,0
2026-06-26,VIX,19.8822,20.125,19.7794,20.0222,0
2026-06-29,VIX,20.5793,20.946,20.3723,20.739,0
2026-06-30,VIX,21.5736,21.6423,21.3432,21.4119,0
2026-07-01,VIX,21.8904,22.0634,21.7028,21.8758,0
2026-07-02,VIX,23.5137,23.9908,23.2551,23.7322,0
2026-07-03,VIX,25.1903,25.3624,25.0472,25.2193,0
